1-1	0-7	debvoir	_	_	_	_	_	_	_	
1-2	8-15	kennise	_	_	_	_	_	_	_	
1-3	16-18	te	_	_	_	_	_	_	_	
1-4	19-24	laten	_	_	_	_	_	_	_	
1-5	25-33	toecomen	_	_	_	_	_	_	_	
1-6	33-34	,	_	_	_	_	_	_	_	
1-7	35-39	Even	_	_	_	_	_	_	_	
1-8	40-43	als	_	_	_	_	_	_	_	
1-9	44-47	wij	_	_	*	_	_	_	_	
1-10	48-51	bij	_	_	_	_	_	_	_	
1-11	52-55	die	_	_	_	_	_	_	_	
1-12	56-59	van	_	_	_	_	_	_	_	
1-13	60-63	den	_	_	_	_	_	_	_	
1-14	64-68	20„e	*[1]	DATE[1]	_	_	_	_	_	
1-15	69-71	xb	*[1]	DATE[1]	_	_	_	_	_	
1-16	71-72	:	*[1]	DATE[1]	_	_	_	_	_	
1-17	73-77	haer	*	PER\_ATTR	_	_	_	_	_	
1-18	78-85	nopende	_	_	_	_	_	_	_	
1-19	86-88	de	_	_	_	_	_	_	_	
1-20	89-94	zijde	*	CMTY\_NAME	*[156]|*[157]	_	_	_	_	
1-21	95-105	Leverantie	_	_	_	Time;Patient	1-23[158];1-20[156]	Transportation	evokes	
1-22	106-110	voor	_	_	_	_	_	_	_	
1-23	111-114	dit	_	_	*[158]	_	_	_	_	
1-24	115-116	9	_	_	*[158]	_	_	_	_	
1-25	117-121	Jaer	_	_	*[158]	_	_	_	_	
1-26	122-128	hebben	_	_	_	_	_	_	_	
1-27	129-135	gedaen	_	_	_	_	_	_	_	
1-28	135-136	,	_	_	_	_	_	_	_	
1-29	137-139	en	_	_	_	_	_	_	_	
1-30	140-152	g'ordonneerd	_	_	_	_	_	_	_	
1-31	152-153	,	_	_	_	_	_	_	_	
1-32	154-157	die	_	_	*	_	_	_	_	
1-33	158-161	des	_	_	_	_	_	_	_	
1-34	162-170	mogelijk	_	_	_	_	_	_	_	
1-35	171-173	in	_	_	*[159]	_	_	_	_	
1-36	174-176	de	_	_	*[159]	_	_	_	_	
1-37	177-183	moolen	_	_	*[159]	_	_	_	_	
1-38	184-186	te	_	_	_	Patient;Target[261]	1-32;1-35[159]	Transportation[261]	isOfType[261]	
1-39	187-193	helpen	_	_	_	Patient;Target[261]	1-32;1-35[159]	Transportation[261]	isOfType[261]	
1-40	193-194	,	_	_	_	_	_	_	_	
1-41	195-198	ook	_	_	_	_	_	_	_	
1-42	199-213	gequalificeerd	_	_	_	_	_	_	_	
1-43	213-214	,	_	_	_	_	_	_	_	
1-44	215-218	soo	_	_	_	_	_	_	_	
1-45	219-222	dat	_	_	_	_	_	_	_	
1-46	223-227	niet	_	_	_	_	_	_	_	
1-47	228-234	Lucken	_	_	_	_	_	_	_	
1-48	235-240	wilde	_	_	_	_	_	_	_	
1-49	240-241	;	_	_	_	_	_	_	_	
1-50	242-244	en	_	_	_	_	_	_	_	
1-51	245-249	mier	*[2]	PER\_NAME[2]	*[160]	_	_	_	_	
1-52	250-255	sahit	*[2]	PER\_NAME[2]	*[160]	_	_	_	_	
1-53	256-263	inhamet	*[2]	PER\_NAME[2]	*[160]	_	_	_	_	
1-54	264-274	halsterrig	_	_	_	_	_	_	_	
1-55	275-277	en	_	_	_	_	_	_	_	
1-56	278-290	oneanderlijk	_	_	_	_	_	_	_	
1-57	291-293	op	_	_	_	_	_	_	_	
1-58	294-296	de	_	_	_	_	_	_	_	
1-59	297-302	zijde	*	CMTY\_NAME	*	_	_	_	_	
1-60	303-313	Leverantie	_	_	_	_	_	_	_	
1-61	314-322	aendrong	_	_	_	_	_	_	_	
1-62	323-326	die	_	_	_	_	_	_	_	
1-63	327-329	te	_	_	_	Agent;Patient[262]	1-51[160];1-59	Getting[262]	isOfType[262]	
1-64	330-339	ontfangen	_	_	_	Agent;Patient[262]	1-51[160];1-59	Getting[262]	isOfType[262]	
1-65	339-340	,	_	_	_	_	_	_	_	
1-66	341-346	sampt	_	_	_	_	_	_	_	
1-67	347-350	bij	_	_	_	_	_	_	_	
1-68	351-354	die	_	_	_	_	_	_	_	
1-69	355-358	van	_	_	_	_	_	_	_	
1-70	359-362	den	_	_	_	_	_	_	_	
1-71	363-367	29„e	*[3]	DATE[3]	_	_	_	_	_	
1-72	368-372	daer	*[3]	DATE[3]	_	_	_	_	_	
1-73	373-376	aen	*[3]	DATE[3]	_	_	_	_	_	
1-74	377-385	volgende	*[3]	DATE[3]	_	_	_	_	_	
1-75	386-388	en	_	_	_	_	_	_	_	
1-76	389-393	15„e	*[4]	DATE[4]	_	_	_	_	_	
1-77	394-397	Jan	*[4]	DATE[4]	_	_	_	_	_	
1-78	397-398	:	*[4]	DATE[4]	_	_	_	_	_	
1-79	399-403	haer	_	_	_	_	_	_	_	
1-80	404-413	indagtigd	_	_	_	_	_	_	_	
1-81	413-414	,	_	_	_	_	_	_	_	
1-82	415-419	want	_	_	_	_	_	_	_	
1-83	420-423	dat	_	_	_	_	_	_	_	
1-84	424-427	was	_	_	_	_	_	_	_	
1-85	428-430	al	_	_	_	_	_	_	_	
1-86	431-436	meede	_	_	_	_	_	_	_	
1-87	437-446	vergecten	_	_	_	_	_	_	_	
1-88	446-447	,	_	_	_	_	_	_	_	
1-89	448-452	niet	_	_	_	_	_	_	_	
1-90	453-465	tegenstaende	_	_	_	_	_	_	_	
1-91	466-470	haer	_	_	_	_	_	_	_	
1-92	471-473	op	_	_	_	_	_	_	_	
1-93	474-477	den	_	_	_	_	_	_	_	
1-94	478-482	15„e	*[5]	DATE[5]	_	_	_	_	_	
1-95	483-487	maij	*[5]	DATE[5]	_	_	_	_	_	
1-96	488-492	daer	_	_	_	_	_	_	_	
1-97	493-497	over	_	_	_	_	_	_	_	
1-98	498-508	gebruijkte	_	_	_	_	_	_	_	
1-99	509-516	breeder	_	_	_	_	_	_	_	
1-100	517-530	resonnementen	_	_	_	_	_	_	_	
1-101	530-531	,	_	_	_	_	_	_	_	
1-102	532-536	miet	*[6]	PER\_NAME[6]	*[161]|*[162]|*[163]	_	_	_	_	
1-103	537-542	sahit	*[6]	PER\_NAME[6]	*[161]|*[162]|*[163]	_	_	_	_	
1-104	543-550	inhamed	*[6]	PER\_NAME[6]	*[161]|*[162]|*[163]	_	_	_	_	
1-105	551-553	op	_	_	_	_	_	_	_	
1-106	554-563	ontfangst	_	_	_	Agent;Patient	1-102[163];1-108[164]	Getting	evokes	
1-107	564-567	van	_	_	_	_	_	_	_	
1-108	568-571	dat	_	_	*[164]	_	_	_	_	
1-109	572-573	„	_	_	*[164]	_	_	_	_	
1-110	573-583	schrijvens	*	DOC	*[164]	_	_	_	_	
1-111	583-584	,	_	_	_	_	_	_	_	
1-112	585-589	dato	_	_	_	_	_	_	_	
1-113	590-594	29„e	*[7]	DATE[7]	_	_	_	_	_	
1-114	595-597	xb	*[7]	DATE[7]	_	_	_	_	_	
1-115	597-598	:	*[7]	DATE[7]	_	_	_	_	_	
1-116	599-601	te	_	_	_	Patient;Agent[263]	1-9;1-102[161]	Request[263]	evokes[263]	
1-117	602-607	laten	_	_	_	Patient;Agent[263]	1-9;1-102[161]	Request[263]	evokes[263]	
1-118	608-618	versoecken	_	_	_	Patient;Agent[263]	1-9;1-102[161]	Request[263]	evokes[263]	
1-119	618-619	,	_	_	_	_	_	_	_	
1-120	620-623	dat	_	_	_	_	_	_	_	
1-121	624-627	hij	_	_	_	_	_	_	_	
1-122	628-631	ten	_	_	_	_	_	_	_	
1-123	632-639	Eersten	_	_	_	_	_	_	_	
1-124	640-645	zomee	_	_	_	_	_	_	_	
1-125	646-661	conconerenordre	_	_	_	_	_	_	_	
1-126	662-670	geliefde	_	_	_	_	_	_	_	
1-127	671-673	te	_	_	_	_	_	_	_	
1-128	674-681	stellen	_	_	_	_	_	_	_	
1-129	681-682	,	_	_	_	_	_	_	_	
1-130	683-686	aen	_	_	*[165]	_	_	_	_	
1-131	687-690	wie	_	_	*[165]	_	_	_	_	
1-132	691-694	dat	_	_	_	_	_	_	_	
1-133	695-698	men	_	_	*	_	_	_	_	
1-134	698-699	,	_	_	_	_	_	_	_	
1-135	700-702	de	_	_	*[166]	_	_	_	_	
1-136	703-716	gestipuleerde	_	_	*[166]	_	_	_	_	
1-137	717-727	recognitie	*[8]	CMTY\_NAME[8]	*[166]	_	_	_	_	
1-138	728-736	goederen	*[8]	CMTY\_NAME[8]	*[166]	_	_	_	_	
1-139	737-739	nu	_	_	_	_	_	_	_	
1-140	740-746	geeven	_	_	_	Agent;Patient[264]	1-133;1-135[166]	Giving[264]	evokes[264]	
1-141	747-750	bal	_	_	_	Agent;Patient[264]	1-133;1-135[166]	Giving[264]	evokes[264]	
1-142	750-751	,	_	_	_	_	_	_	_	
1-143	752-754	en	_	_	_	_	_	_	_	
1-144	755-759	niet	_	_	_	_	_	_	_	
1-145	760-768	verpligt	_	_	_	_	_	_	_	
1-146	768-769	,	_	_	_	_	_	_	_	
1-147	770-773	als	_	_	_	_	_	_	_	
1-148	774-777	pro	_	_	_	_	_	_	_	
1-149	778-782	dato	_	_	_	_	_	_	_	
1-150	783-786	soo	_	_	_	_	_	_	_	
1-151	787-792	Lange	_	_	_	_	_	_	_	
1-152	793-796	aen	_	_	_	_	_	_	_	
1-153	797-805	tehouden	_	_	_	_	_	_	_	
1-154	805-806	,	_	_	_	_	_	_	_	
1-155	807-811	sulx	_	_	_	_	_	_	_	
1-156	812-817	thans	_	_	_	_	_	_	_	
1-157	818-820	de	_	_	_	_	_	_	_	
1-158	821-826	zijde	*	CMTY\_NAME	_	_	_	_	_	
1-159	827-834	buijten	_	_	_	_	_	_	_	
1-160	835-845	belastinge	_	_	_	_	_	_	_	
1-161	846-850	daer	_	_	_	_	_	_	_	
1-162	851-854	van	_	_	_	_	_	_	_	
1-163	855-863	overgaet	_	_	_	_	_	_	_	
1-164	863-864	,	_	_	_	_	_	_	_	
1-165	865-867	en	_	_	_	_	_	_	_	
1-166	868-870	na	_	_	_	_	_	_	_	
1-167	871-877	deesen	_	_	_	_	_	_	_	
1-168	878-881	dat	_	_	_	_	_	_	_	
1-169	882-890	bedragen	_	_	_	_	_	_	_	
1-170	890-891	,	_	_	_	_	_	_	_	
1-171	892-897	eerst	_	_	_	_	_	_	_	
1-172	898-901	het	_	_	_	_	_	_	_	
1-173	902-910	comptoir	*	ORG	_	_	_	_	_	
1-174	911-919	generael	_	_	_	_	_	_	_	
1-175	920-932	aengereekend	_	_	_	_	_	_	_	
1-176	932-933	;	_	_	_	_	_	_	_	
1-177	934-936	en	_	_	_	_	_	_	_	
1-178	937-940	ten	_	_	_	_	_	_	_	
1-179	941-947	Lasten	_	_	_	_	_	_	_	
1-180	948-955	gebragt	_	_	_	_	_	_	_	
1-181	956-959	sal	_	_	_	_	_	_	_	
1-182	960-966	kunnen	_	_	_	_	_	_	_	
1-183	967-973	werden	_	_	_	_	_	_	_	
1-184	973-974	,	_	_	_	_	_	_	_	
1-185	975-978	met	_	_	_	_	_	_	_	
1-186	979-982	ons	_	_	_	_	_	_	_	
1-187	983-990	wijders	_	_	_	_	_	_	_	
1-188	991-995	voor	_	_	_	_	_	_	_	
1-189	996-999	soo	_	_	_	_	_	_	_	
1-190	1000-1004	veel	_	_	_	_	_	_	_	
1-191	1005-1007	't	_	_	_	_	_	_	_	
1-192	1008-1012	comp	*[9]	ORG[9]	_	_	_	_	_	
1-193	1012-1013	:	*[9]	ORG[9]	_	_	_	_	_	
1-194	1013-1014	s	*[9]	ORG[9]	_	_	_	_	_	
1-195	1015-1021	spahan	*[9]|*[10]	ORG[9]|LOC\_NAME[10]	_	_	_	_	_	
1-196	1022-1029	belangd	_	_	_	_	_	_	_	
1-197	1029-1030	,	_	_	_	_	_	_	_	
1-198	1031-1034	aen	_	_	_	_	_	_	_	
1-199	1035-1037	de	_	_	_	_	_	_	_	
1-200	1038-1049	verwisselde	_	_	_	_	_	_	_	
1-201	1050-1052	en	_	_	_	_	_	_	_	
1-202	1053-1055	nu	_	_	_	_	_	_	_	
1-203	1056-1058	in	_	_	*[167]	_	_	_	_	
1-204	1059-1064	Copia	_	_	*[167]	_	_	_	_	
1-205	1065-1075	overgaende	_	_	*[167]	_	_	_	_	
1-206	1076-1083	brieven	*	DOC	*[167]	_	_	_	_	
1-207	1084-1086	te	_	_	_	_	_	_	_	
1-208	1087-1096	gedraagen	_	_	_	_	_	_	_	
1-209	1096-1097	,	_	_	_	_	_	_	_	
1-210	1098-1104	gelijk	_	_	_	_	_	_	_	
1-211	1105-1108	ook	_	_	_	_	_	_	_	
1-212	1109-1111	in	_	_	_	_	_	_	_	
1-213	1112-1116	alle	_	_	_	_	_	_	_	
1-214	1117-1128	onderdanigh	_	_	_	_	_	_	_	
1-215	1128-1129	„	_	_	_	_	_	_	_	
1-216	1129-1130	t	_	_	_	_	_	_	_	
1-217	1130-1131	,	_	_	_	_	_	_	_	
1-218	1132-1135	met	_	_	_	_	_	_	_	
1-219	1136-1139	die	_	_	*[168]	_	_	_	_	
1-220	1140-1142	nu	_	_	*[168]	_	_	_	_	
1-221	1143-1145	na	_	_	*[168]	_	_	_	_	
1-222	1146-1148	de	_	_	*[168]	_	_	_	_	
1-223	1149-1157	westerse	_	_	*[168]	_	_	_	_	
1-224	1158-1162	Comp	*[11]	ORG[11]	*[168]	_	_	_	_	
1-225	1162-1163	=	*[11]	ORG[11]	*[168]	_	_	_	_	
1-226	1163-1164	e	*[11]	ORG[11]	*[168]	_	_	_	_	
1-227	1165-1168	ver	_	_	*[168]	_	_	_	_	
1-228	1169-1177	werdenff	_	_	_	_	_	_	_	
1-229	1178-1188	erersonden	_	_	_	Cargo;Instrument	1-203[167];1-219[168]	Transportation	isOfType	
1-230	1188-1189	,	_	_	_	_	_	_	_	
1-231	1190-1198	geschied	_	_	_	_	_	_	_	
1-232	1198-1199	,	_	_	_	_	_	_	_	
1-233	1200-1202	en	_	_	_	_	_	_	_	
1-234	1203-1210	bestaet	_	_	_	_	_	_	_	
1-235	1211-1214	het	_	_	_	Target;Target;Target;Source;Target;Target;Target[265]	4-2[170];4-31[185];4-155[212];1-241[169];4-22[178];4-110[204];4-193[219]	Transportation[265]	evokes[265]	
1-236	1215-1226	affgeladene	_	_	_	Target;Target;Target;Source;Target;Target;Target[265]	4-2[170];4-31[185];4-155[212];1-241[169];4-22[178];4-110[204];4-193[219]	Transportation[265]	evokes[265]	
1-237	1227-1230	ede	_	_	_	_	_	_	_	
1-238	1231-1233	te	_	_	_	_	_	_	_	
1-239	1234-1246	tegenwoordig	_	_	_	_	_	_	_	
1-240	1247-1249	in	_	_	_	_	_	_	_	
1-241	1250-1252	de	_	_	*[169]	_	_	_	_	
1-242	1253-1254	2	_	_	*[169]	_	_	_	_	
1-243	1255-1262	meerged	_	_	*[169]	_	_	_	_	
1-244	1262-1263	„	_	_	*[169]	_	_	_	_	
1-245	1263-1265	te	_	_	*[169]	_	_	_	_	
1-246	1266-1274	scheepen	*	SHIP\_TYPE	*[169]	_	_	_	_	
1-247	1274-1275	,	_	_	_	_	_	_	_	
1-248	1276-1278	in	_	_	_	_	_	_	_	
1-249	1279-1282	het	_	_	_	_	_	_	_	
1-250	1283-1291	volgende	_	_	_	_	_	_	_	
1-251	1292-1300	teweeten	_	_	_	_	_	_	_	
2-1	1301-1302	„	_	_	_	_	_	_	_	
2-2	1302-1304	de	_	_	_	_	_	_	_	
2-3	1305-1307	de	_	_	_	_	_	_	_	
2-4	1308-1321	geslipuleerde	_	_	_	_	_	_	_	
2-5	1322-1332	revognitie	*[12]	CMTY\_NAME[12]	_	_	_	_	_	
2-6	1333-1342	penningen	*[12]	CMTY\_NAME[12]	_	_	_	_	_	
2-7	1342-1343	.	_	_	_	_	_	_	_	
3-1	1344-1347	wat	_	_	_	_	_	_	_	
3-2	1348-1351	bij	_	_	_	_	_	_	_	
3-3	1352-1354	de	_	_	_	_	_	_	_	
3-4	1355-1365	bediendens	_	_	_	_	_	_	_	
3-5	1366-1369	tot	_	_	_	_	_	_	_	
3-6	1370-1375	pahan	*	LOC\_NAME	_	_	_	_	_	
3-7	1375-1376	,	_	_	_	_	_	_	_	
3-8	1377-1384	weegens	_	_	_	_	_	_	_	
3-9	1385-1387	de	_	_	_	_	_	_	_	
3-10	1388-1398	Leverantie	_	_	_	_	_	_	_	
3-11	1399-1402	van	_	_	_	_	_	_	_	
3-12	1403-1406	dat	_	_	_	_	_	_	_	
3-13	1407-1411	gebp	_	_	_	_	_	_	_	
3-14	1412-1414	in	_	_	_	_	_	_	_	
3-15	1414-1415	,	_	_	_	_	_	_	_	
3-16	1416-1423	voorhet	_	_	_	_	_	_	_	
3-17	1424-1434	aenstaende	_	_	_	_	_	_	_	
3-18	1435-1439	jaer	_	_	_	_	_	_	_	
3-19	1440-1446	hebben	_	_	_	_	_	_	_	
4-1	1447-1451	voor	_	_	_	_	_	_	_	
4-2	1452-1454	's	_	_	*[170]|*[171]	_	_	_	_	
4-3	1455-1464	vaderland	*	LOC\_NAME	*[170]|*[171]	_	_	_	_	
4-4	1465-1467	Jn	_	_	_	_	_	_	_	
4-5	1468-1470	de	_	_	_	_	_	_	_	
4-6	1471-1476	prins	*[13]	SHIP[13]	*[172]|*[173]|*[174]	_	_	_	_	
4-7	1477-1485	Lugenuss	*[13]	SHIP[13]	*[172]|*[173]|*[174]	_	_	_	_	
4-8	1485-1486	.	*[13]	SHIP[13]	*[172]|*[173]	_	_	_	_	
4-9	1487-1492	22140	*[14]	CMTY\_QUANT[14]	*[175]|*[176]	_	_	_	_	
4-10	1493-1495	lb	*[14]	CMTY\_QUANT[14]	*[175]|*[176]	_	_	_	_	
4-11	1496-1504	kirmanse	*[15]	CMTY\_NAME[15]	*[175]|*[176]	_	_	_	_	
4-12	1505-1509	2vol	*[15]	CMTY\_NAME[15]	*[175]|*[176]	_	_	_	_	
4-13	1510-1512	in	_	_	*[175]|*[176]	_	_	_	_	
4-14	1513-1516	246	*[16]	CMTY\_QUANT[16]	*[175]|*[176]	_	_	_	_	
4-15	1517-1522	balen	*[16]	CMTY\_QUANT[16]	*[175]|*[176]	_	_	_	_	
4-16	1523-1528	27000	*[17]	CMTY\_QUANT[17]	*[175]|*[177]	_	_	_	_	
4-17	1529-1530	„	*[17]	CMTY\_QUANT[17]	*[175]|*[177]	_	_	_	_	
4-18	1531-1536	zijde	*	CMTY\_NAME	*[175]|*[177]	_	_	_	_	
4-19	1537-1539	in	_	_	*[175]|*[177]	_	_	_	_	
4-20	1540-1543	180	*	CMTY\_QUANT	*[175]|*[177]	_	_	_	_	
4-21	1544-1548	voor	_	_	_	_	_	_	_	
4-22	1549-1556	batavia	*	LOC\_NAME	*[178]|*[179]|*[180]	_	_	_	_	
4-23	1557-1561	Totx	*	CMTY\_QUANT	*[181]|*[182]	_	_	_	_	
4-24	1562-1569	paerden	*	CMTY\_NAME	*[181]|*[182]|*[183]	_	_	_	_	
4-25	1570-1574	vaer	_	_	*[183]	_	_	_	_	
4-26	1575-1578	van	_	_	*[183]	_	_	_	_	
4-27	1579-1582	dat	_	_	*[183]	_	_	_	_	
4-28	1583-1585	er	_	_	*[183]	_	_	_	_	
4-29	1586-1587	4	*	CMTY\_QUANT	*[183]	_	_	_	_	
4-30	1588-1592	voor	_	_	*[184]	_	_	_	_	
4-31	1593-1601	bengalen	*	LOC\_NAME	*[184]|*[185]	_	_	_	_	
4-32	1602-1606	zijn	_	_	_	_	_	_	_	
4-33	1606-1607	.	_	_	_	_	_	_	_	
4-34	1608-1612	3000	*[18]	CMTY\_QUANT[18]	*[186]	_	_	_	_	
4-35	1613-1614	„	*[18]	CMTY\_QUANT[18]	*[186]	_	_	_	_	
4-36	1615-1620	disse	*[19]	CMTY\_NAME[19]	*[186]	_	_	_	_	
4-37	1621-1626	bocke	*[19]	CMTY\_NAME[19]	*[186]	_	_	_	_	
4-38	1627-1633	vellen	*[19]	CMTY\_NAME[19]	*[186]	_	_	_	_	
4-39	1634-1636	38	*[20]	CMTY\_QUANT[20]	*[187]	_	_	_	_	
4-40	1637-1638	„	*[20]	CMTY\_QUANT[20]	*[187]	_	_	_	_	
4-41	1639-1646	phelpen	*	CMTY\_NAME	*[187]	_	_	_	_	
4-42	1647-1650	116	*[21]	CMTY\_QUANT[21]	*[188]	_	_	_	_	
4-43	1651-1653	lb	*[21]	CMTY\_QUANT[21]	*[188]	_	_	_	_	
4-44	1654-1660	thuijn	*[22]	CMTY\_NAME[22]	*[188]	_	_	_	_	
4-45	1661-1666	Laden	*[22]	CMTY\_NAME[22]	*[188]	_	_	_	_	
4-46	1667-1671	1000	*[23]	CMTY\_QUANT[23]	*[189]	_	_	_	_	
4-47	1672-1673	„	*[23]	CMTY\_QUANT[23]	*[189]	_	_	_	_	
4-48	1674-1679	kraek	*[24]	CMTY\_NAME[24]	*[189]	_	_	_	_	
4-49	1680-1689	amandelen	*[24]	CMTY\_NAME[24]	*[189]	_	_	_	_	
4-50	1690-1691	9	*[25]	CMTY\_QUANT[25]	*[190]	_	_	_	_	
4-51	1692-1695	600	*[25]	CMTY\_QUANT[25]	*[190]	_	_	_	_	
4-52	1696-1697	„	*[25]	CMTY\_QUANT[25]	*[190]	_	_	_	_	
4-53	1698-1707	pistasjes	*	CMTY\_NAME	*[190]	_	_	_	_	
4-54	1708-1712	6600	*[26]	CMTY\_QUANT[26]	*[191]	_	_	_	_	
4-55	1713-1714	„	*[26]	CMTY\_QUANT[26]	*[191]	_	_	_	_	
4-56	1715-1722	gemeene	*	CMTY\_QUAL	*[191]	_	_	_	_	
4-57	1723-1732	amandelen	*	CMTY\_NAME	*[191]	_	_	_	_	
4-58	1733-1737	2500	*[27]	CMTY\_QUANT[27]	*[192]	_	_	_	_	
4-59	1738-1739	„	*[27]	CMTY\_QUANT[27]	*[192]	_	_	_	_	
4-60	1740-1748	rosijnen	*	CMTY\_NAME	*[192]	_	_	_	_	
4-61	1748-1749	.	_	_	_	_	_	_	_	
4-62	1750-1754	4000	*[28]	CMTY\_QUANT[28]	*[193]	_	_	_	_	
4-63	1755-1756	„	*[28]	CMTY\_QUANT[28]	*[193]	_	_	_	_	
4-64	1757-1763	kismis	*	CMTY\_NAME	*[193]	_	_	_	_	
4-65	1764-1767	702	*[29]	CMTY\_QUANT[29]	*[194]	_	_	_	_	
4-66	1768-1769	„	*[29]	CMTY\_QUANT[29]	*[194]	_	_	_	_	
4-67	1770-1778	pruijmen	*	CMTY\_NAME	*[194]	_	_	_	_	
4-68	1779-1781	50	*[30]	CMTY\_QUANT[30]	*[195]	_	_	_	_	
4-69	1782-1783	„	*[30]	CMTY\_QUANT[30]	*[195]	_	_	_	_	
4-70	1784-1794	geconfijte	*[31]	CMTY\_NAME[31]	*[195]	_	_	_	_	
4-71	1795-1806	moernagelen	*[31]	CMTY\_NAME[31]	*[195]	_	_	_	_	
4-72	1807-1809	50	*[32]	CMTY\_QUANT[32]	*[196]	_	_	_	_	
4-73	1810-1811	„	*[32]	CMTY\_QUANT[32]	*[196]	_	_	_	_	
4-74	1812-1823	pruijmellen	*	CMTY\_NAME	*[196]	_	_	_	_	
4-75	1824-1827	100	*[33]	CMTY\_QUANT[33]	*[197]	_	_	_	_	
4-76	1828-1831	stx	*[33]	CMTY\_QUANT[33]	*[197]	_	_	_	_	
4-77	1832-1837	glase	*[34]	CMTY\_NAME[34]	*[197]	_	_	_	_	
4-78	1838-1844	lampen	*[34]	CMTY\_NAME[34]	*[197]	_	_	_	_	
4-79	1845-1848	130	*[35]	CMTY\_QUANT[35]	*[198]	_	_	_	_	
4-80	1849-1850	„	*[35]	CMTY\_QUANT[35]	*[198]	_	_	_	_	
4-81	1851-1856	divse	*	CMTY\_QUAL	*[198]	_	_	_	_	
4-82	1857-1868	glaswercken	*	CMTY\_NAME	*[198]	_	_	_	_	
4-83	1869-1871	60	*[36]	CMTY\_QUANT[36]	*[199]	_	_	_	_	
4-84	1872-1878	kassen	*[36]	CMTY\_QUANT[36]	*[199]	_	_	_	_	
4-85	1879-1888	rosewater	*	CMTY\_NAME	*[199]	_	_	_	_	
4-86	1889-1891	17	*[37]	CMTY\_QUANT[37]	*[200]	_	_	_	_	
4-87	1892-1893	„	*[37]	CMTY\_QUANT[37]	*[200]	_	_	_	_	
4-88	1894-1895	1	_	_	*[200]	_	_	_	_	
4-89	1896-1902	clarst	*[38]	CMTY\_NAME[38]	*[200]	_	_	_	_	
4-90	1903-1907	zijn	*[38]	CMTY\_NAME[38]	*[200]	_	_	_	_	
4-91	1908-1911	het	_	_	_	_	_	_	_	
4-92	1912-1925	affgescheepte	_	_	_	_	_	_	_	
4-93	1926-1928	in	_	_	_	_	_	_	_	
4-94	1929-1935	Engeen	_	_	_	_	_	_	_	
4-95	1936-1943	beloopt	_	_	_	_	_	_	_	
4-96	1943-1944	.	_	_	_	_	_	_	_	
4-97	1945-1946	.	_	_	_	_	_	_	_	
4-98	1947-1948	.	_	_	_	_	_	_	_	
4-99	1949-1956	ƒ153179	*[39]	CMTY\_QUANT[39]	_	_	_	_	_	
4-100	1956-1957	.	*[39]	CMTY\_QUANT[39]	_	_	_	_	_	
4-101	1958-1960	17	*[39]	CMTY\_QUANT[39]	_	_	_	_	_	
4-102	1960-1961	.	*[39]	CMTY\_QUANT[39]	_	_	_	_	_	
4-103	1962-1963	8	*[39]	CMTY\_QUANT[39]	_	_	_	_	_	
4-104	1963-1964	.	*[39]	CMTY\_QUANT[39]	_	_	_	_	_	
4-105	1965-1969	In't	_	_	_	_	_	_	_	
4-106	1970-1975	schip	*	SHIP\_TYPE	*[201]|*[202]|*[203]	_	_	_	_	
4-107	1976-1984	abbekerk	*	SHIP	*[201]|*[202]|*[203]	_	_	_	_	
4-108	1985-1986	C	_	_	_	_	_	_	_	
4-109	1987-1991	voor	_	_	_	_	_	_	_	
4-110	1992-1999	Ceijlon	*	LOC\_NAME	*[204]|*[205]	_	_	_	_	
4-111	2000-2004	9000	*[40]	CMTY\_QUANT[40]	*[206]	_	_	_	_	
4-112	2005-2006	p	*[40]	CMTY\_QUANT[40]	*[206]	_	_	_	_	
4-113	2006-2007	„	*[40]	CMTY\_QUANT[40]	*[206]	_	_	_	_	
4-114	2007-2008	s	*[40]	CMTY\_QUANT[40]	*[206]	_	_	_	_	
4-115	2009-2014	goude	*[41]	CMTY\_NAME[41]	*[206]	_	_	_	_	
4-116	2015-2026	Europeaense	*[41]	CMTY\_NAME[41]	*[206]	_	_	_	_	
4-117	2027-2034	ducaten	*[41]	CMTY\_NAME[41]	*[206]	_	_	_	_	
4-118	2035-2038	200	*[42]	CMTY\_QUANT[42]	*[207]	_	_	_	_	
4-119	2039-2041	lb	*[42]	CMTY\_QUANT[42]	*[207]	_	_	_	_	
4-120	2042-2047	kraak	*[43]	CMTY\_NAME[43]	*[207]	_	_	_	_	
4-121	2048-2057	amasdelen	*[43]	CMTY\_NAME[43]	*[207]	_	_	_	_	
4-122	2058-2062	1400	*[44]	CMTY\_QUANT[44]	*[208]	_	_	_	_	
4-123	2063-2064	„	*[44]	CMTY\_QUANT[44]	*[208]	_	_	_	_	
4-124	2065-2072	gemeene	*	CMTY\_QUAL	*[208]	_	_	_	_	
4-125	2073-2074	d	*[45]	*[45]	*[208]	_	_	_	_	
4-126	2074-2075	„	*[45]	*[45]	*[208]	_	_	_	_	
4-127	2075-2076	o	*[45]	*[45]	*[208]	_	_	_	_	
4-128	2077-2079	10	*[46]	CMTY\_QUANT[46]	*[209]	_	_	_	_	
4-129	2080-2086	kassen	*[46]	CMTY\_QUANT[46]	*[209]	_	_	_	_	
4-130	2087-2096	rosewater	*	CMTY\_NAME	*[209]	_	_	_	_	
4-131	2097-2100	204	*[47]	CMTY\_QUANT[47]	*[210]	_	_	_	_	
4-132	2101-2103	lb	*[47]	CMTY\_QUANT[47]	*[210]	_	_	_	_	
4-133	2104-2113	veruijmen	*	CMTY\_NAME	*[210]	_	_	_	_	
4-134	2114-2116	35	*[48]	CMTY\_QUANT[48]	*[211]	_	_	_	_	
4-135	2117-2123	kassen	*[48]	CMTY\_QUANT[48]	*[211]	_	_	_	_	
4-136	2123-2124	,	_	_	*[211]	_	_	_	_	
4-137	2125-2128	als	_	_	*[211]	_	_	_	_	
4-138	2129-2131	25	*[49]	CMTY\_QUANT[49]	*[211]	_	_	_	_	
4-139	2132-2133	d	*[49]	CMTY\_QUANT[49]	*[211]	_	_	_	_	
4-140	2133-2134	„	*[49]	CMTY\_QUANT[49]	*[211]	_	_	_	_	
4-141	2134-2135	o	*[49]	CMTY\_QUANT[49]	*[211]	_	_	_	_	
4-142	2136-2144	clareten	*	CMTY\_NAME	*[211]	_	_	_	_	
4-143	2145-2147	10	*[50]	CMTY\_QUANT[50]	*[211]	_	_	_	_	
4-144	2148-2149	„	*[50]	CMTY\_QUANT[50]	*[211]	_	_	_	_	
4-145	2150-2159	ordinarie	_	_	*[211]	_	_	_	_	
4-146	2160-2168	costende	_	_	_	_	_	_	_	
4-147	2168-2169	.	_	_	_	_	_	_	_	
4-148	2170-2171	.	_	_	_	_	_	_	_	
4-149	2172-2173	ƒ	*[51]	CMTY\_QUANT[51]	_	_	_	_	_	
4-150	2174-2182	38830:12	*[51]	CMTY\_QUANT[51]	_	_	_	_	_	
4-151	2182-2183	:	*[51]	CMTY\_QUANT[51]	_	_	_	_	_	
4-152	2184-2185	8	*[51]	CMTY\_QUANT[51]	_	_	_	_	_	
4-153	2185-2186	.	*[51]	CMTY\_QUANT[51]	_	_	_	_	_	
4-154	2187-2191	voor	_	_	_	_	_	_	_	
4-155	2192-2201	Cormandel	*	LOC\_NAME	*[212]|*[213]	_	_	_	_	
4-156	2202-2205	100	*[52]	CMTY\_QUANT[52]	*[214]	_	_	_	_	
4-157	2206-2208	lb	*[52]	CMTY\_QUANT[52]	*[214]	_	_	_	_	
4-158	2209-2214	kraek	*[53]	CMTY\_NAME[53]	*[214]	_	_	_	_	
4-159	2215-2222	amandel	*[53]	CMTY\_NAME[53]	*[214]	_	_	_	_	
4-160	2223-2225	en	_	_	_	_	_	_	_	
4-161	2226-2229	700	*[54]	CMTY\_QUANT[54]	*[215]	_	_	_	_	
4-162	2230-2231	„	*[54]	CMTY\_QUANT[54]	*[215]	_	_	_	_	
4-163	2232-2239	gemeene	*	CMTY\_QUAL	*[215]	_	_	_	_	
4-164	2240-2241	d	*[55]	*[55]	*[215]	_	_	_	_	
4-165	2241-2242	„	*[55]	*[55]	*[215]	_	_	_	_	
4-166	2242-2243	o	*[55]	*[55]	*[215]	_	_	_	_	
4-167	2244-2246	50	*[56]	CMTY\_QUANT[56]	*[216]	_	_	_	_	
4-168	2247-2248	„	*[56]	CMTY\_QUANT[56]	*[216]	_	_	_	_	
4-169	2249-2257	sruijmen	*	CMTY\_NAME	*[216]	_	_	_	_	
4-170	2258-2260	36	*[57]	CMTY\_QUANT[57]	*[217]|*[218]	_	_	_	_	
4-171	2261-2267	kassen	*[57]	CMTY\_QUANT[57]	*[217]|*[218]	_	_	_	_	
4-172	2268-2272	wijn	*	CMTY\_NAME	*[217]|*[218]	_	_	_	_	
4-173	2272-2273	,	_	_	*[217]|*[218]	_	_	_	_	
4-174	2274-2277	als	_	_	*[217]|*[218]	_	_	_	_	
4-175	2278-2280	10	*[58]	CMTY\_QUANT[58]	*[217]|*[218]	_	_	_	_	
4-176	2281-2282	d	*[58]	CMTY\_QUANT[58]	*[217]|*[218]	_	_	_	_	
4-177	2282-2283	„	*[58]	CMTY\_QUANT[58]	*[217]|*[218]	_	_	_	_	
4-178	2283-2285	os	*[58]	CMTY\_QUANT[58]	*[217]|*[218]	_	_	_	_	
4-179	2286-2294	clareten	*	CMTY\_NAME	*[217]|*[218]	_	_	_	_	
4-180	2295-2297	26	*[59]	CMTY\_QUANT[59]	*[217]|*[218]	_	_	_	_	
4-181	2298-2299	„	*[59]	CMTY\_QUANT[59]	*[217]|*[218]	_	_	_	_	
4-182	2300-2309	ordinarie	*	CMTY\_QUAL	*[217]|*[218]	_	_	_	_	
4-183	2310-2314	wijn	*	CMTY\_NAME	*[217]	_	_	_	_	
4-184	2315-2322	belopen	_	_	_	_	_	_	_	
4-185	2323-2324	„	*[60]	CMTY\_QUANT[60]	_	_	_	_	_	
4-186	2325-2328	901	*[60]	CMTY\_QUANT[60]	_	_	_	_	_	
4-187	2328-2329	:	*[60]	CMTY\_QUANT[60]	_	_	_	_	_	
4-188	2330-2331	6	*[60]	CMTY\_QUANT[60]	_	_	_	_	_	
4-189	2331-2332	:	*[60]	CMTY\_QUANT[60]	_	_	_	_	_	
4-190	2333-2334	8	*[60]	CMTY\_QUANT[60]	_	_	_	_	_	
4-191	2334-2335	.	*[60]	CMTY\_QUANT[60]	_	_	_	_	_	
4-192	2336-2340	Voor	_	_	_	_	_	_	_	
4-193	2341-2350	mallabaer	*	LOC\_NAME	*[219]|*[220]	_	_	_	_	
4-194	2351-2356	13000	*[61]	CMTY\_QUANT[61]	*[221]	_	_	_	_	
4-195	2357-2358	p	*[61]	CMTY\_QUANT[61]	*[221]	_	_	_	_	
4-196	2358-2359	„	*[61]	CMTY\_QUANT[61]	*[221]	_	_	_	_	
4-197	2359-2360	s	*[61]	CMTY\_QUANT[61]	*[221]	_	_	_	_	
4-198	2361-2366	goude	*[62]	CMTY\_NAME[62]	*[221]	_	_	_	_	
4-199	2367-2374	ducaten	*[62]	CMTY\_NAME[62]	*[221]	_	_	_	_	
4-200	2375-2377	10	*[63]	CMTY\_QUANT[63]	*[222]	_	_	_	_	
4-201	2378-2384	kassen	*[63]	CMTY\_QUANT[63]	*[222]	_	_	_	_	
4-202	2385-2395	roservater	*	CMTY\_NAME	*[222]	_	_	_	_	
4-203	2396-2399	110	*[64]	CMTY\_QUANT[64]	*[223]	_	_	_	_	
4-204	2400-2402	lb	*[64]	CMTY\_QUANT[64]	*[223]	_	_	_	_	
4-205	2403-2412	hasenoten	*	CMTY\_NAME	*[223]	_	_	_	_	
4-206	2413-2414	—	_	_	_	_	_	_	_	
4-207	2415-2417	40	*[65]	CMTY\_QUANT[65]	*[224]	_	_	_	_	
4-208	2418-2419	„	*[65]	CMTY\_QUANT[65]	*[224]	_	_	_	_	
4-209	2420-2423	wal	*[66]	CMTY\_NAME[66]	*[224]	_	_	_	_	
4-210	2424-2430	nooten	*[66]	CMTY\_NAME[66]	*[224]	_	_	_	_	
4-211	2431-2434	120	*[67]	CMTY\_QUANT[67]	*[225]	_	_	_	_	
4-212	2435-2436	„	*[67]	CMTY\_QUANT[67]	*[225]	_	_	_	_	
4-213	2437-2448	pruijmellen	*	CMTY\_NAME	*[225]	_	_	_	_	
4-214	2449-2452	172	*[68]	CMTY\_QUANT[68]	*[226]	_	_	_	_	
4-215	2453-2454	„	*[68]	CMTY\_QUANT[68]	*[226]	_	_	_	_	
4-216	2455-2460	kraek	*[69]	CMTY\_NAME[69]	*[226]	_	_	_	_	
4-217	2461-2470	amandelen	*[69]	CMTY\_NAME[69]	*[226]	_	_	_	_	
4-218	2471-2474	425	*[70]	CMTY\_QUANT[70]	*[227]	_	_	_	_	
4-219	2475-2476	„	*[70]	CMTY\_QUANT[70]	*[227]	_	_	_	_	
4-220	2477-2484	gemeene	*	CMTY\_QUAL	*[227]	_	_	_	_	
4-221	2485-2486	d	*[71]	*[71]	*[227]	_	_	_	_	
4-222	2486-2487	„	*[71]	*[71]	*[227]	_	_	_	_	
4-223	2487-2488	o	*[71]	*[71]	*[227]	_	_	_	_	
4-224	2489-2491	82	*[72]	CMTY\_QUANT[72]	*[228]	_	_	_	_	
4-225	2492-2493	„	*[72]	CMTY\_QUANT[72]	*[228]	_	_	_	_	
4-226	2494-2502	pruijmen	*	CMTY\_NAME	*[228]	_	_	_	_	
4-227	2503-2505	22	*[73]	CMTY\_QUANT[73]	*[229]	_	_	_	_	
4-228	2506-2512	kassen	*[73]	CMTY\_QUANT[73]	*[229]	_	_	_	_	
4-229	2513-2517	wijn	*	CMTY\_NAME	*[229]	_	_	_	_	
4-230	2518-2521	als	_	_	*[229]	_	_	_	_	
4-231	2522-2524	18	*[74]	CMTY\_QUANT[74]	*[229]	_	_	_	_	
4-232	2525-2526	d	*[74]	CMTY\_QUANT[74]	*[229]	_	_	_	_	
4-233	2526-2527	„	*[74]	CMTY\_QUANT[74]	*[229]	_	_	_	_	
4-234	2527-2528	o	*[74]	CMTY\_QUANT[74]	*[229]	_	_	_	_	
4-235	2529-2537	clareten	*	CMTY\_NAME	*[229]	_	_	_	_	
4-236	2538-2541	4„o	*	CMTY\_QUANT	*[229]	_	_	_	_	
4-237	2542-2545	ord	*[75]	CMTY\_QUAL[75]	*[229]	_	_	_	_	
4-238	2545-2546	„	*[75]	CMTY\_QUAL[75]	*[229]	_	_	_	_	
4-239	2546-2547	o	*[75]	CMTY\_QUAL[75]	*[229]	_	_	_	_	
4-240	2548-2552	wijn	*	CMTY\_NAME	*[229]	_	_	_	_	
4-241	2553-2564	monteerende	_	_	_	_	_	_	_	
4-242	2565-2566	„	*[76]	CMTY\_QUANT[76]	_	_	_	_	_	
4-243	2567-2572	84016	*[76]	CMTY\_QUANT[76]	_	_	_	_	_	
4-244	2572-2573	:	*[76]	CMTY\_QUANT[76]	_	_	_	_	_	
4-245	2574-2575	p	*[76]	CMTY\_QUANT[76]	_	_	_	_	_	
4-246	2575-2576	:	*[76]	CMTY\_QUANT[76]	_	_	_	_	_	
4-247	2577-2578	8	*[76]	CMTY\_QUANT[76]	_	_	_	_	_	
4-248	2579-2582	Het	_	_	_	_	_	_	_	
4-249	2583-2591	geladene	_	_	_	_	_	_	_	
4-250	2592-2594	in	_	_	_	_	_	_	_	
4-251	2595-2603	abbekerk	*	SHIP	_	_	_	_	_	
4-252	2604-2611	beloopt	_	_	_	_	_	_	_	
4-253	2612-2614	In	_	_	_	_	_	_	_	
4-254	2615-2617	't	_	_	_	_	_	_	_	
4-255	2618-2628	versondene	_	_	_	_	_	_	_	
4-256	2629-2636	tesamen	_	_	_	_	_	_	_	
4-257	2636-2637	.	_	_	_	_	_	_	_	
4-258	2638-2639	.	_	_	_	_	_	_	_	
4-259	2640-2641	.	_	_	_	_	_	_	_	
4-260	2642-2643	.	_	_	_	_	_	_	_	
4-261	2644-2645	.	_	_	_	_	_	_	_	
4-262	2646-2647	.	_	_	_	_	_	_	_	
4-263	2648-2649	.	_	_	_	_	_	_	_	
4-264	2650-2651	.	_	_	_	_	_	_	_	
4-265	2652-2653	p	*[77]	CMTY\_QUANT[77]	_	_	_	_	_	
4-266	2654-2660	296927	*[77]	CMTY\_QUANT[77]	_	_	_	_	_	
4-267	2660-2661	.	*[77]	CMTY\_QUANT[77]	_	_	_	_	_	
4-268	2662-2666	17:-	*[77]	CMTY\_QUANT[77]	_	_	_	_	_	
4-269	2666-2667	.	*[77]	CMTY\_QUANT[77]	_	_	_	_	_	
5-1	2668-2669	_	_	_	_	_	_	_	_	
5-2	2669-2670	:	_	_	_	_	_	_	_	
5-3	2671-2683	2ƒ43747:19:8	*[78]	CMTY\_QUANT[78]	_	_	_	_	_	
5-4	2683-2684	.	*[78]	CMTY\_QUANT[78]	_	_	_	_	_	
6-1	2685-2687	't	_	_	_	_	_	_	_	
6-2	2688-2696	geladene	_	_	_	Target;Instrument;Cargo;Cargo[266]|Instrument[267]|Cargo;Cargo;Cargo;Cargo;Cargo;Cargo;Cargo;Target;Cargo;Cargo;Cargo;Cargo;Cargo;Cargo;Cargo;Cargo;Instrument;Cargo[268]|Cargo;Instrument;Target[269]|Target;Cargo;Instrument;Cargo;Cargo;Cargo;Cargo;Cargo[270]|Target;Cargo;Cargo;Cargo;Cargo;Instrument[271]|Instrument;Cargo;Target;Cargo;Cargo;Cargo;Cargo;Cargo;Cargo;Cargo;Cargo[272]	4-2[171];4-6[174];4-9[176];4-16[177]|6-4[231]|4-62[193];4-58[192];4-42[188];4-68[195];4-86[200];4-75[197];4-46[189];4-22[180];4-39[187];4-54[191];4-72[196];4-79[198];4-65[194];4-50[190];4-83[199];4-34[186];4-6[172];4-23[182]|4-24[183];4-6[173];4-30[184]|4-110[205];4-128[209];4-106[201];4-122[208];4-134[211];4-131[210];4-111[206];4-118[207]|4-155[213];4-161[215];4-167[216];4-170[217];4-156[214];4-106[202]|4-106[203];4-203[223];4-193[220];4-200[222];4-224[228];4-214[226];4-218[227];4-194[221];4-207[224];4-211[225];4-227[229]	Transportation[266]|Transportation[267]|Transportation[268]|Transportation[269]|Transportation[270]|Transportation[271]|Transportation[272]	evokes[266]|evokes[267]|evokes[268]|evokes[269]|evokes[270]|evokes[271]|evokes[272]	
6-3	2697-2699	in	_	_	_	_	_	_	_	
6-4	2700-2704	dese	_	_	*[230]|*[231]	_	_	_	_	
6-5	2705-2706	2	_	_	*[230]|*[231]	_	_	_	_	
6-6	2707-2713	bodems	*	SHIP\_TYPE	*[230]|*[231]	_	_	_	_	
6-7	2713-2714	.	_	_	_	_	_	_	_	
7-1	2715-2719	Sulx	_	_	_	_	_	_	_	
7-2	2720-2723	dat	_	_	_	_	_	_	_	
7-3	2724-2725	'	_	_	_	_	_	_	_	
7-4	2725-2727	er	_	_	_	_	_	_	_	
7-5	2728-2735	buijten	_	_	_	_	_	_	_	
7-6	2736-2738	de	_	_	_	_	_	_	_	
7-7	2739-2746	Chirase	*[79]	CMTY\_NAME[79]	_	_	_	_	_	
7-8	2747-2753	wijnen	*[79]	CMTY\_NAME[79]	_	_	_	_	_	
7-9	2754-2757	die	_	_	_	_	_	_	_	
7-10	2758-2761	men	_	_	_	_	_	_	_	
7-11	2762-2765	van	_	_	_	_	_	_	_	
7-12	2766-2774	ginderna	_	_	_	_	_	_	_	
7-13	2775-2781	herrew	_	_	_	_	_	_	_	
7-14	2781-2782	=	_	_	_	_	_	_	_	
7-15	2782-2783	s	_	_	_	_	_	_	_	
7-16	2784-2788	door	_	_	_	_	_	_	_	
7-17	2789-2795	gebrek	_	_	_	_	_	_	_	
7-18	2796-2799	van	_	_	_	_	_	_	_	
7-19	2800-2804	Last	*[80]	CMTY\_NAME[80]	_	_	_	_	_	
7-20	2805-2812	beesten	*[80]	CMTY\_NAME[80]	_	_	_	_	_	
7-21	2813-2817	niet	_	_	_	_	_	_	_	
7-22	2818-2827	tijdelijk	_	_	_	_	_	_	_	
7-23	2828-2833	heeft	_	_	_	_	_	_	_	
7-24	2834-2837	van	_	_	_	_	_	_	_	
7-25	2838-2845	batavia	*	LOC\_NAME	_	_	_	_	_	
7-26	2846-2854	mauquend	_	_	_	_	_	_	_	
7-27	2854-2855	:	_	_	_	_	_	_	_	
7-28	2856-2862	kunnen	_	_	_	_	_	_	_	
7-29	2863-2873	affkrijgen	_	_	_	_	_	_	_	
7-30	2873-2874	,	_	_	_	_	_	_	_	
7-31	2875-2878	met	_	_	_	_	_	_	_	
7-32	2879-2882	het	_	_	_	_	_	_	_	
7-33	2883-2896	affgescheepte	_	_	_	_	_	_	_	
7-34	2897-2901	voor	_	_	_	_	_	_	_	
7-35	2902-2909	batavia	*	LOC\_NAME	_	_	_	_	_	
7-36	2910-2914	niet	_	_	_	_	_	_	_	
7-37	2915-2918	dan	_	_	_	_	_	_	_	
7-38	2919-2920	4	*[81]	CMTY\_QUANT[81]	_	_	_	_	_	
7-39	2921-2923	kx	*[81]	CMTY\_QUANT[81]	_	_	_	_	_	
7-40	2924-2929	hengs	*[82]	CMTY\_NAME[82]	_	_	_	_	_	
7-41	2930-2938	tpaerden	*[82]	CMTY\_NAME[82]	_	_	_	_	_	
7-42	2939-2940	6	*[83]	CMTY\_QUANT[83]	_	_	_	_	_	
7-43	2941-2942	p	*[83]	CMTY\_QUANT[83]	_	_	_	_	_	
7-44	2942-2943	„	*[83]	CMTY\_QUANT[83]	_	_	_	_	_	
7-45	2943-2944	s	*[83]	CMTY\_QUANT[83]	_	_	_	_	_	
7-46	2945-2951	wvolle	*[84]	CMTY\_NAME[84]	_	_	_	_	_	
7-47	2952-2962	alcatijven	*[84]	CMTY\_NAME[84]	_	_	_	_	_	
7-48	2962-2963	,	_	_	_	_	_	_	_	
7-49	2964-2966	en	_	_	_	_	_	_	_	
7-50	2967-2970	120	*[85]	CMTY\_QUANT[85]	_	_	_	_	_	
7-51	2971-2972	p	*[85]	CMTY\_QUANT[85]	_	_	_	_	_	
7-52	2972-2973	„	*[85]	CMTY\_QUANT[85]	_	_	_	_	_	
7-53	2973-2974	s	*[85]	CMTY\_QUANT[85]	_	_	_	_	_	
7-54	2975-2986	muscovische	*[86]	CMTY\_NAME[86]	_	_	_	_	_	
7-55	2987-2993	jugten	*[86]	CMTY\_NAME[86]	_	_	_	_	_	
7-56	2994-2999	komen	_	_	_	_	_	_	_	
7-57	3000-3002	te	_	_	_	_	_	_	_	
7-58	3003-3014	gebreeken,/	_	_	_	_	_	_	_	
7-59	3015-3018	ter	_	_	_	_	_	_	_	
7-60	3019-3026	oorsake	_	_	_	_	_	_	_	
7-61	3027-3028	d	*[87]	CMTY\_QUANT[87]	_	_	_	_	_	
7-62	3028-3030	:o	*[87]	CMTY\_QUANT[87]	_	_	_	_	_	
7-63	3031-3041	alcatijven	*	CMTY\_NAME	_	_	_	_	_	
7-64	3041-3042	,	_	_	_	_	_	_	_	
7-65	3043-3047	niet	_	_	_	_	_	_	_	
7-66	3048-3059	affgeweeven	_	_	_	_	_	_	_	
7-67	3059-3060	,	_	_	_	_	_	_	_	
7-68	3061-3065	ende	_	_	_	_	_	_	_	
7-69	3066-3072	Jugten	*	CMTY\_NAME	_	_	_	_	_	
7-70	3073-3077	uijt	_	_	_	_	_	_	_	
7-71	3078-3080	de	*[88]	LOC\_NAME[88]	_	_	_	_	_	
7-72	3081-3092	bovenlanden	*[88]	LOC\_NAME[88]	_	_	_	_	_	
7-73	3093-3096	nog	_	_	_	_	_	_	_	
7-74	3097-3101	niet	_	_	_	_	_	_	_	
7-75	3102-3107	waren	_	_	_	_	_	_	_	
7-76	3108-3118	affgecomen	_	_	_	_	_	_	_	
7-77	3118-3119	,	_	_	_	_	_	_	_	
7-78	3120-3127	terwijl	_	_	_	_	_	_	_	
7-79	3128-3131	het	_	_	_	Instrument;Cargo[273]	7-85[232];7-92[233]	Transportation[273]	evokes[273]	
7-80	3132-3134	al	_	_	_	Instrument;Cargo[273]	7-85[232];7-92[233]	Transportation[273]	evokes[273]	
7-81	3135-3145	versondene	_	_	_	Instrument;Cargo[273]	7-85[232];7-92[233]	Transportation[273]	evokes[273]	
7-82	3146-3149	van	_	_	_	_	_	_	_	
7-83	3150-3153	dit	_	_	_	_	_	_	_	
7-84	3154-3161	mousson	_	_	_	_	_	_	_	
7-85	3162-3165	met	_	_	*[232]	_	_	_	_	
7-86	3166-3171	deese	_	_	*[232]	_	_	_	_	
7-87	3172-3174	en	_	_	*[232]	_	_	_	_	
7-88	3175-3177	de	_	_	*[232]	_	_	_	_	
7-89	3178-3179	2	_	_	*[232]	_	_	_	_	
7-90	3180-3186	vorige	_	_	*[232]	_	_	_	_	
7-91	3187-3193	bodems	*	SHIP\_TYPE	*[232]	_	_	_	_	
7-92	3194-3202	sommeerd	_	_	*[233]	_	_	_	_	
7-93	3203-3210	ƒ794585	*[89]	CMTY\_QUANT[89]	*[233]	_	_	_	_	
7-94	3210-3211	.	*[89]	CMTY\_QUANT[89]	*[233]	_	_	_	_	
7-95	3212-3214	18	*[89]	CMTY\_QUANT[89]	*[233]	_	_	_	_	
7-96	3214-3215	.	*[89]	CMTY\_QUANT[89]	*[233]	_	_	_	_	
7-97	3216-3217	—	*[89]	CMTY\_QUANT[89]	*[233]	_	_	_	_	
7-98	3217-3218	.	*[89]	CMTY\_QUANT[89]	*[233]	_	_	_	_	
7-99	3219-3221	en	_	_	_	_	_	_	_	
7-100	3222-3225	den	_	_	_	_	_	_	_	
7-101	3226-3235	almogende	_	_	_	_	_	_	_	
7-102	3236-3244	gebeeden	_	_	_	_	_	_	_	
7-103	3245-3252	blijffd	_	_	_	_	_	_	_	
7-104	3252-3253	,	_	_	_	_	_	_	_	
7-105	3254-3258	haer	_	_	_	_	_	_	_	
7-106	3259-3262	van	_	_	_	_	_	_	_	
7-107	3263-3267	hier	_	_	_	_	_	_	_	
7-108	3268-3277	vfesonden	_	_	_	_	_	_	_	
7-109	3277-3278	.	_	_	_	_	_	_	_	
7-110	3279-3280	—	_	_	_	_	_	_	_	
7-111	3280-3281	.	_	_	_	_	_	_	_	
7-112	3282-3283	.	_	_	_	_	_	_	_	
7-113	3284-3287	een	_	_	_	_	_	_	_	
7-114	3288-3296	spoedige	_	_	_	_	_	_	_	
7-115	3297-3299	en	_	_	_	_	_	_	_	
7-116	3300-3307	behoude	_	_	_	_	_	_	_	
7-117	3308-3314	reijse	_	_	_	_	_	_	_	
7-118	3315-3317	te	_	_	_	_	_	_	_	
7-119	3318-3324	willen	_	_	_	_	_	_	_	
7-120	3325-3334	verleenen	_	_	_	_	_	_	_	
7-121	3335-3340	deese	_	_	_	_	_	_	_	
7-122	3341-3343	in	_	_	_	_	_	_	_	
7-123	3344-3347	dus	_	_	_	_	_	_	_	
7-124	3348-3358	verreklaer	_	_	_	_	_	_	_	
7-125	3359-3361	en	_	_	_	_	_	_	_	
7-126	3362-3364	in	_	_	_	_	_	_	_	
7-127	3365-3372	gereeth	_	_	_	_	_	_	_	
7-128	3372-3373	„	_	_	_	_	_	_	_	
7-129	3373-3374	t	_	_	_	_	_	_	_	
7-130	3375-3382	gebragt	_	_	_	_	_	_	_	
7-131	3383-3391	weesende	_	_	_	_	_	_	_	
7-132	3392-3395	soo	_	_	_	_	_	_	_	
7-133	3396-3401	wierd	_	_	_	_	_	_	_	
7-134	3402-3405	ons	_	_	_	_	_	_	_	
7-135	3406-3408	op	_	_	_	_	_	_	_	
7-136	3409-3412	den	_	_	_	_	_	_	_	
7-137	3413-3417	15„e	*[90]	DATE[90]	*[234]	_	_	_	_	
7-138	3418-3421	feb	*[90]	DATE[90]	*[234]	_	_	_	_	
7-139	3421-3422	:	*[90]	DATE[90]	*[234]	_	_	_	_	
7-140	3423-3424	p	_	_	*[235]	_	_	_	_	
7-141	3424-3425	„	_	_	*[235]	_	_	_	_	
7-142	3425-3426	r	_	_	*[235]	_	_	_	_	
7-143	3427-3435	Coopmans	_	_	*[235]	_	_	_	_	
7-144	3436-3441	boode	_	_	*[235]	_	_	_	_	
7-145	3441-3442	,	_	_	_	_	_	_	_	
7-146	3443-3446	een	_	_	*[236]	_	_	_	_	
7-147	3447-3452	brief	*	DOC	*[236]	_	_	_	_	
7-148	3453-3460	dspalan	*	LOC\_NAME	*[236]	_	_	_	_	
7-149	3460-3461	,	_	_	_	_	_	_	_	
7-150	3462-3466	door	_	_	*[237]	_	_	_	_	
7-151	3467-3470	den	_	_	*[237]	_	_	_	_	
7-152	3471-3480	onderaop9	*	PRF	*[237]	_	_	_	_	
7-153	3481-3484	van	_	_	*[237]	_	_	_	_	
7-154	3485-3488	den	_	_	*[237]	_	_	_	_	
7-155	3489-3499	ondercoopm	*[91]|*[92]	PRF[91]|PRF[92]	*[237]	_	_	_	_	
7-156	3499-3500	=	*[91]|*[92]	PRF[91]|PRF[92]	*[237]	_	_	_	_	
7-157	3500-3501	r	*[91]|*[92]	PRF[91]|PRF[92]	*[237]	_	_	_	_	
7-158	3502-3504	en	*[91]	PRF[91]	*[237]	_	_	_	_	
7-159	3505-3512	spahans	*[91]|*[93]	PRF[91]|PRF[93]	*[237]	_	_	_	_	
7-160	3513-3520	secunde	*[91]|*[93]|*[94]	PRF[91]|PRF[93]|PRF[94]	*[237]	_	_	_	_	
7-161	3521-3527	Willem	*[95]	PER\_NAME[95]	*[237]	_	_	_	_	
7-162	3528-3534	brooks	*[95]	PER\_NAME[95]	*[237]	_	_	_	_	
7-163	3535-3538	toe	_	_	_	Agent;Time;Instrument;Cargo[274]	7-150[237];7-137[234];7-140[235];7-146[236]	Transportation[274]	isOfType[274]	
7-164	3538-3539	„	_	_	_	Agent;Time;Instrument;Cargo[274]	7-150[237];7-137[234];7-140[235];7-146[236]	Transportation[274]	isOfType[274]	
7-165	3540-3548	gesonden	_	_	_	Agent;Time;Instrument;Cargo[274]	7-150[237];7-137[234];7-140[235];7-146[236]	Transportation[274]	isOfType[274]	
7-166	3548-3549	.	_	_	_	_	_	_	_	
7-167	3550-3551	„	_	_	_	_	_	_	_	
7-168	3551-3558	gebragt	_	_	_	_	_	_	_	
7-169	3558-3559	,	_	_	_	_	_	_	_	
7-170	3560-3566	zijnde	_	_	_	_	_	_	_	
7-171	3567-3570	van	_	_	_	_	_	_	_	
7-172	3571-3574	den	_	_	_	_	_	_	_	
7-173	3575-3579	24„e	*[96]	DATE[96]	_	_	_	_	_	
7-174	3580-3588	Januarij	*[96]	DATE[96]	_	_	_	_	_	
7-175	3588-3589	,	_	_	_	_	_	_	_	
7-176	3590-3592	en	_	_	_	_	_	_	_	
7-177	3593-3596	een	_	_	_	_	_	_	_	
7-178	3597-3605	antwoord	*	DOC	_	_	_	_	_	
7-179	3606-3611	opden	_	_	_	_	_	_	_	
7-180	3612-3617	onsen	_	_	_	_	_	_	_	
7-181	3618-3621	van	_	_	_	_	_	_	_	
7-182	3622-3625	den	_	_	_	_	_	_	_	
7-183	3626-3631	20„en	*[97]	DATE[97]	_	_	_	_	_	
7-184	3632-3638	decemb	*[97]	DATE[97]	_	_	_	_	_	
7-185	3638-3639	:	*[97]	DATE[97]	_	_	_	_	_	
7-186	3639-3640	,	_	_	_	_	_	_	_	
7-187	3641-3650	beneevens	_	_	_	_	_	_	_	
7-188	3651-3654	een	_	_	_	_	_	_	_	
7-189	3655-3661	Ledige	_	_	_	_	_	_	_	
7-190	3662-3664	en	_	_	_	_	_	_	_	
7-191	3665-3668	wel	_	_	_	_	_	_	_	
7-192	3669-3682	geresonneerde	_	_	_	_	_	_	_	
7-193	3683-3698	verantwoordinge	_	_	_	_	_	_	_	
7-194	3699-3701	op	_	_	_	_	_	_	_	
7-195	3702-3705	het	_	_	_	_	_	_	_	
7-196	3706-3711	geene	_	_	_	_	_	_	_	
7-197	3712-3715	dat	_	_	_	_	_	_	_	
7-198	3716-3719	men	_	_	_	_	_	_	_	
7-199	3720-3723	hem	_	_	_	_	_	_	_	
7-200	3724-3727	bij	_	_	_	_	_	_	_	
7-201	3728-3731	het	_	_	_	_	_	_	_	
7-202	3732-3738	wegens	_	_	_	_	_	_	_	
7-203	3739-3741	't	_	_	_	_	_	_	_	
7-204	3742-3745	aan	_	_	_	_	_	_	_	
7-205	3746-3749	hem	_	_	_	_	_	_	_	
7-206	3750-3753	een	_	_	_	_	_	_	_	
7-207	3754-3762	ppahanse	*[98]|*[99]	DOC[98]|LOC\_ADJ[99]	_	_	_	_	_	
7-208	3763-3773	schrijvens	*[98]|*[100]	DOC[98]|DOC[100]	_	_	_	_	_	
7-209	3774-3777	van	_	_	_	_	_	_	_	
7-210	3778-3781	den	_	_	_	_	_	_	_	
7-211	3782-3783	5	*[101]	DATE[101]	_	_	_	_	_	
7-212	3783-3784	„	*[101]	DATE[101]	_	_	_	_	_	
7-213	3784-3785	'	*[101]	DATE[101]	_	_	_	_	_	
7-214	3786-3788	gb	*[101]	DATE[101]	_	_	_	_	_	
7-215	3788-3789	:	*[101]	DATE[101]	_	_	_	_	_	
7-216	3790-3793	ten	_	_	_	_	_	_	_	
7-217	3794-3800	Lasten	_	_	_	_	_	_	_	
7-218	3801-3805	Leij	_	_	_	_	_	_	_	
7-219	3805-3806	,	_	_	_	_	_	_	_	
7-220	3807-3810	dog	_	_	_	_	_	_	_	
7-221	3811-3817	dewijl	_	_	_	_	_	_	_	
7-222	3818-3819	d	*[102]	DOC[102]	_	_	_	_	_	
7-223	3819-3820	„	*[102]	DOC[102]	_	_	_	_	_	
7-224	3820-3821	o	*[102]	DOC[102]	_	_	_	_	_	
7-225	3822-3829	missive	*[102]|*[103]	DOC[102]|DOC[103]	_	_	_	_	_	
7-226	3830-3832	in	*[102]	DOC[102]	_	_	_	_	_	
7-227	3833-3838	Copia	*[102]	DOC[102]	_	_	_	_	_	
7-228	3839-3841	is	_	_	_	_	_	_	_	
7-229	3842-3852	overgaende	_	_	_	_	_	_	_	
7-230	3852-3853	,	_	_	_	_	_	_	_	
7-231	3854-3860	sullen	_	_	_	_	_	_	_	
7-232	3861-3862	w	_	_	_	_	_	_	_	
7-233	3862-3863	'	_	_	_	_	_	_	_	
7-234	3864-3867	ons	_	_	_	_	_	_	_	
7-235	3868-3872	daer	_	_	_	_	_	_	_	
7-236	3873-3876	aen	_	_	_	_	_	_	_	
7-237	3877-3882	onder	_	_	_	_	_	_	_	
7-238	3883-3885	't	_	_	_	_	_	_	_	
7-239	3886-3895	welneemen	_	_	_	_	_	_	_	
7-240	3896-3899	van	_	_	_	_	_	_	_	
7-241	3900-3905	uhoog	*[104]	ORG[104]	_	_	_	_	_	
7-242	3906-3908	Ed	*[104]	ORG[104]	_	_	_	_	_	
7-243	3908-3909	„	*[104]	ORG[104]	_	_	_	_	_	
7-244	3909-3910	e	*[104]	ORG[104]	_	_	_	_	_	
7-245	3911-3915	agtb	*[104]	ORG[104]	_	_	_	_	_	
7-246	3915-3916	:	*[104]	ORG[104]	_	_	_	_	_	
7-247	3917-3925	gedragen	_	_	_	_	_	_	_	
7-248	3925-3926	,	_	_	_	_	_	_	_	
7-249	3927-3931	niet	_	_	_	_	_	_	_	
7-250	3932-3938	alleen	_	_	_	_	_	_	_	
7-251	3939-3941	te	_	_	_	_	_	_	_	
7-252	3942-3948	seggen	_	_	_	_	_	_	_	
7-253	3948-3949	,	_	_	_	_	_	_	_	
7-254	3950-3953	dat	_	_	_	_	_	_	_	
7-255	3954-3956	de	_	_	_	_	_	_	_	
7-256	3957-3969	onreedelijke	_	_	_	_	_	_	_	
7-257	3970-3975	wijse	_	_	_	_	_	_	_	
7-258	3976-3978	op	_	_	_	_	_	_	_	
7-259	3979-3984	welke	_	_	_	_	_	_	_	
7-260	3985-3992	daturen	_	_	_	_	_	_	_	
7-261	3993-3997	dese	*[105]	PER\_ATTR[105]	_	_	_	_	_	
7-262	3998-4005	persoon	*[105]	PER\_ATTR[105]	_	_	_	_	_	
7-263	4006-4009	bij	_	_	_	_	_	_	_	
7-264	4010-4016	arrive	_	_	_	_	_	_	_	
7-265	4017-4022	heeft	_	_	_	_	_	_	_	
7-266	4023-4028	comen	_	_	_	_	_	_	_	
7-267	4029-4039	tehandelen	_	_	_	_	_	_	_	
7-268	4039-4040	,	_	_	_	_	_	_	_	
7-269	4041-4043	en	_	_	_	_	_	_	_	
7-270	4044-4054	noghandeld	_	_	_	_	_	_	_	
7-271	4054-4055	,	_	_	_	_	_	_	_	
7-272	4056-4058	en	_	_	_	_	_	_	_	
7-273	4059-4061	in	_	_	_	_	_	_	_	
7-274	4062-4064	't	_	_	_	_	_	_	_	
7-275	4065-4072	vervolg	_	_	_	_	_	_	_	
7-276	4073-4080	getragt	_	_	_	_	_	_	_	
7-277	4081-4088	verdagt	_	_	_	_	_	_	_	
7-278	4089-4091	te	_	_	_	_	_	_	_	
7-279	4092-4097	maken	_	_	_	_	_	_	_	
7-280	4097-4098	,	_	_	_	_	_	_	_	
7-281	4099-4103	daer	_	_	_	_	_	_	_	
7-282	4104-4108	uijt	_	_	_	_	_	_	_	
7-283	4109-4113	seer	_	_	_	_	_	_	_	
7-284	4114-4121	Evidend	_	_	_	_	_	_	_	
7-285	4122-4131	consteerd	_	_	_	_	_	_	_	
7-286	4132-4134	en	_	_	_	_	_	_	_	
7-287	4135-4139	niet	_	_	_	_	_	_	_	
7-288	4140-4142	te	_	_	_	_	_	_	_	
7-289	4143-4153	defereeren	_	_	_	_	_	_	_	
8-1	4154-4161	deselfs	_	_	_	_	_	_	_	
8-2	4162-4177	verantwoordinge	_	_	_	_	_	_	_	
8-3	4178-4179	N	_	_	_	_	_	_	_	
8-4	4180-4181	H	_	_	_	_	_	_	_	
8-5	4182-4188	Lasten	_	_	_	_	_	_	_	
8-6	4189-4196	gelegde	_	_	_	_	_	_	_	
8-7	4196-4197	.	_	_	_	_	_	_	_	
9-1	4198-4206	rereptie	_	_	_	_	_	_	_	
9-2	4207-4210	van	_	_	_	_	_	_	_	
9-3	4211-4214	een	_	_	_	_	_	_	_	
9-4	4215-4220	brief	*	DOC	_	_	_	_	_	
9-5	4221-4225	uijt	_	_	_	_	_	_	_	
9-6	4225-4226	—	_	_	_	_	_	_	_	
9-7	4227-4237	omanbrooks	_	_	_	_	_	_	_	
9-8	4238-4242	herw	_	_	_	_	_	_	_	
9-9	4242-4243	„	_	_	_	_	_	_	_	
9-10	4243-4245	ts	_	_	_	_	_	_	_	
9-11	4246-4249	aen	_	_	_	_	_	_	_	
9-12	4249-4250	„	_	_	_	_	_	_	_	
10-1	4251-4254	ook	_	_	_	_	_	_	_	
10-2	4255-4258	wat	_	_	_	_	_	_	_	
10-3	4259-4262	Cap	_	_	_	_	_	_	_	
10-4	4262-4263	„	_	_	_	_	_	_	_	
10-5	4263-4264	l	_	_	_	_	_	_	_	
10-6	4264-4265	,	_	_	_	_	_	_	_	
10-7	4266-4269	dit	_	_	_	_	_	_	_	
10-8	4270-4277	moussan	_	_	_	_	_	_	_	
11-1	4278-4282	Comt	_	_	_	_	_	_	_	
11-2	4282-4283	,	_	_	_	_	_	_	_	
11-3	4284-4287	van	_	_	_	_	_	_	_	
11-4	4288-4290	de	_	_	_	_	_	_	_	
11-5	4291-4299	gedagten	_	_	_	_	_	_	_	
11-6	4300-4303	die	_	_	_	_	_	_	_	
11-7	4304-4307	wij	_	_	_	_	_	_	_	
11-8	4308-4312	daer	_	_	_	_	_	_	_	
11-9	4313-4317	over	_	_	_	_	_	_	_	
11-10	4318-4321	bij	_	_	_	_	_	_	_	
11-11	4322-4325	den	_	_	_	_	_	_	_	
11-12	4326-4331	onsen	_	_	_	_	_	_	_	
11-13	4332-4335	van	_	_	_	_	_	_	_	
11-14	4336-4339	den	_	_	_	_	_	_	_	
11-15	4340-4344	12„e	*[106]	DATE[106]	_	_	_	_	_	
11-16	4345-4347	xl	*[106]	DATE[106]	_	_	_	_	_	
11-17	4347-4348	:	*[106]	DATE[106]	_	_	_	_	_	
11-18	4349-4355	hadden	_	_	_	_	_	_	_	
11-19	4355-4356	,	_	_	_	_	_	_	_	
11-20	4357-4362	mitsg	_	_	_	_	_	_	_	
11-21	4362-4363	„	_	_	_	_	_	_	_	
11-22	4363-4364	s	_	_	_	_	_	_	_	
11-23	4365-4368	dat	_	_	_	_	_	_	_	
11-24	4369-4372	ons	_	_	_	_	_	_	_	
11-25	4373-4383	voorneemen	_	_	_	_	_	_	_	
11-26	4384-4392	tendeerd	_	_	_	_	_	_	_	
11-27	4392-4393	,	_	_	_	_	_	_	_	
11-28	4394-4396	om	_	_	_	_	_	_	_	
11-29	4397-4403	sulcke	_	_	_	_	_	_	_	
11-30	4404-4413	connosele	_	_	_	_	_	_	_	
11-31	4414-4427	kreegelheeden	_	_	_	_	_	_	_	
11-32	4427-4428	,	_	_	_	_	_	_	_	
11-33	4429-4432	als	_	_	_	_	_	_	_	
11-34	4433-4436	men	_	_	_	_	_	_	_	
11-35	4437-4442	tegen	_	_	_	_	_	_	_	
11-36	4443-4452	voordagte	_	_	_	_	_	_	_	
11-37	4453-4465	oudercoopman	*	PRF	_	_	_	_	_	
11-38	4466-4471	heeft	_	_	_	_	_	_	_	
11-39	4472-4481	aengelegd	_	_	_	_	_	_	_	
11-40	4481-4482	,	_	_	_	_	_	_	_	
11-41	4483-4487	geen	_	_	_	_	_	_	_	
11-42	4488-4495	verdere	_	_	_	_	_	_	_	
11-43	4496-4501	stoff	_	_	_	_	_	_	_	
11-44	4502-4504	te	_	_	_	_	_	_	_	
11-45	4505-4511	geeven	_	_	_	_	_	_	_	
11-46	4511-4512	,	_	_	_	_	_	_	_	
11-47	4513-4515	't	_	_	_	_	_	_	_	
11-48	4516-4520	hier	_	_	_	_	_	_	_	
11-49	4521-4524	bij	_	_	_	_	_	_	_	
11-50	4525-4527	te	_	_	_	_	_	_	_	
11-51	4528-4533	laten	_	_	_	_	_	_	_	
11-52	4534-4542	berusten	_	_	_	_	_	_	_	
11-53	4542-4543	,	_	_	_	_	_	_	_	
11-54	4544-4546	en	_	_	_	_	_	_	_	
11-55	4547-4552	onder	_	_	_	_	_	_	_	
11-56	4553-4556	het	_	_	_	_	_	_	_	
11-57	4557-4567	renoveeren	_	_	_	_	_	_	_	
11-58	4568-4571	van	_	_	_	_	_	_	_	
11-59	4572-4575	een	_	_	_	_	_	_	_	
11-60	4576-4581	goede	_	_	_	_	_	_	_	
11-61	4582-4586	zegt	_	_	_	_	_	_	_	
11-62	4587-4598	debenoudens	_	_	_	_	_	_	_	
11-63	4599-4602	bij	_	_	_	_	_	_	_	
11-64	4603-4606	het	_	_	_	_	_	_	_	
11-65	4607-4620	huijshoudinge	_	_	_	_	_	_	_	
11-66	4621-4623	en	_	_	_	_	_	_	_	
11-67	4624-4633	minnelijk	_	_	_	_	_	_	_	
11-68	4634-4640	gedrag	_	_	_	_	_	_	_	
11-69	4641-4644	bij	_	_	_	_	_	_	_	
11-70	4645-4651	eerste	_	_	_	_	_	_	_	
11-71	4652-4661	afftegane	_	_	_	_	_	_	_	
11-72	4662-4663	„	_	_	_	_	_	_	_	
11-73	4663-4674	sschrijvens	*	DOC	_	_	_	_	_	
11-74	4674-4675	,	_	_	_	_	_	_	_	
11-75	4676-4679	van	_	_	_	_	_	_	_	
11-76	4680-4684	hier	_	_	_	_	_	_	_	
11-77	4685-4687	na	_	_	_	_	_	_	_	
11-78	4688-4694	derrew	_	_	_	_	_	_	_	
11-79	4694-4695	„	_	_	_	_	_	_	_	
11-80	4695-4696	s	_	_	_	_	_	_	_	
11-81	4697-4700	ook	_	_	_	_	_	_	_	
11-82	4701-4706	ordre	_	_	_	_	_	_	_	
11-83	4707-4709	op	_	_	_	_	_	_	_	
11-84	4710-4715	geene	_	_	_	_	_	_	_	
11-85	4716-4718	en	_	_	_	_	_	_	_	
11-86	4719-4724	deese	_	_	_	_	_	_	_	
11-87	4725-4738	kleenigheeden	_	_	_	_	_	_	_	
11-88	4739-4741	te	_	_	_	_	_	_	_	
11-89	4742-4749	stellen	_	_	_	_	_	_	_	
11-90	4749-4750	,	_	_	_	_	_	_	_	
11-91	4751-4755	waer	_	_	_	_	_	_	_	
11-92	4756-4758	na	_	_	_	_	_	_	_	
11-93	4758-4759	,	_	_	_	_	_	_	_	
11-94	4760-4762	en	_	_	_	_	_	_	_	
11-95	4763-4766	dit	_	_	*[238]	_	_	_	_	
11-96	4767-4777	ontfangene	_	_	*[238]	_	_	_	_	
11-97	4778-4788	schrijvens	*	DOC	*[238]|*[239]	_	_	_	_	
11-98	4788-4789	,	_	_	_	_	_	_	_	
11-99	4790-4793	ons	_	_	*	_	_	_	_	
11-100	4794-4796	al	_	_	_	_	_	_	_	
11-101	4797-4803	verder	_	_	_	_	_	_	_	
11-102	4804-4806	op	_	_	*[240]	_	_	_	_	
11-103	4807-4810	den	_	_	*[240]	_	_	_	_	
11-104	4811-4815	18„e	*	DATE	*[240]	_	_	_	_	
11-105	4816-4820	daer	_	_	_	_	_	_	_	
11-106	4821-4824	aen	_	_	_	_	_	_	_	
11-107	4825-4826	p	_	_	_	_	_	_	_	
11-108	4826-4827	=	_	_	_	_	_	_	_	
11-109	4827-4828	r	_	_	_	_	_	_	_	
11-110	4829-4837	addresse	_	_	_	_	_	_	_	
11-111	4838-4841	der	_	_	_	_	_	_	_	
11-112	4842-4851	Engelsche	*	ETH\_REL	_	_	_	_	_	
11-113	4852-4854	is	_	_	_	_	_	_	_	
11-114	4855-4865	toegebragt	_	_	_	Time;Agent;Patient	11-102[240];11-99;11-116[241]	Getting	evokes	
11-115	4865-4866	,	_	_	_	_	_	_	_	
11-116	4867-4870	een	_	_	*[241]	_	_	_	_	
11-117	4871-4881	Vaderlands	_	_	*[241]	_	_	_	_	
11-118	4882-4889	pacquet	_	_	*[241]	_	_	_	_	
11-119	4890-4893	met	_	_	*[241]	_	_	_	_	
11-120	4894-4901	brieven	*	DOC	*[241]	_	_	_	_	
11-121	4901-4902	,	_	_	_	_	_	_	_	
11-122	4903-4915	insluijtende	_	_	_	_	_	_	_	
11-123	4916-4924	behalven	_	_	_	_	_	_	_	
11-124	4925-4928	een	_	_	_	_	_	_	_	
11-125	4929-4938	cinculair	*[107]	DOC[107]	_	_	_	_	_	
11-126	4939-4946	briefje	*[107]	DOC[107]	_	_	_	_	_	
11-127	4947-4950	van	_	_	_	_	_	_	_	
11-128	4951-4952	p	*[108]	DATE[108]	_	_	_	_	_	
11-129	4952-4953	„	*[108]	DATE[108]	_	_	_	_	_	
11-130	4953-4955	mo	*[108]	DATE[108]	_	_	_	_	_	
11-131	4956-4958	gb	*[108]	DATE[108]	_	_	_	_	_	
11-132	4958-4959	:	*[108]	DATE[108]	_	_	_	_	_	
11-133	4960-4964	1709	*[108]	DATE[108]	_	_	_	_	_	
11-134	4964-4965	.	*[108]	DATE[108]	_	_	_	_	_	
11-135	4966-4968	en	_	_	_	_	_	_	_	
11-136	4969-4976	Extract	*	DOC	_	_	_	_	_	
11-137	4977-4981	uijt	_	_	_	_	_	_	_	
11-138	4982-4985	den	_	_	_	_	_	_	_	
11-139	4986-4992	Eijsch	*[109]	DOC[109]	_	_	_	_	_	
11-140	4993-4996	van	*[109]	DOC[109]	_	_	_	_	_	
11-141	4997-5005	retouren	*[109]	DOC[109]	_	_	_	_	_	
11-142	5006-5010	voor	_	_	_	_	_	_	_	
11-143	5011-5014	dit	*[110]	DATE[110]	_	_	_	_	_	
11-144	5015-5022	Lopende	*[110]	DATE[110]	_	_	_	_	_	
11-145	5023-5027	Jaer	*[110]	DATE[110]	_	_	_	_	_	
11-146	5027-5028	,	_	_	_	_	_	_	_	
11-147	5029-5032	soo	_	_	_	_	_	_	_	
11-148	5033-5037	veel	_	_	_	_	_	_	_	
11-149	5038-5045	persien	*[111]|*[112]	ORG[111]|LOC\_NAME[112]	_	_	_	_	_	
11-150	5046-5057	concerneerd	_	_	_	_	_	_	_	
11-151	5057-5058	,	_	_	_	_	_	_	_	
11-152	5059-5062	nog	_	_	_	_	_	_	_	
11-153	5063-5068	vijff	_	_	*[242]	_	_	_	_	
11-154	5069-5079	pacquetten	_	_	*[242]	_	_	_	_	
11-155	5080-5084	voor	_	_	_	_	_	_	_	
11-156	5085-5087	de	_	_	*[243]	_	_	_	_	
11-157	5088-5096	westerse	*[113]	ORG[113]	*[243]	_	_	_	_	
11-158	5097-5107	comptoiren	*[113]	ORG[113]	*[243]	_	_	_	_	
11-159	5107-5108	,	_	_	_	_	_	_	_	
11-160	5109-5112	als	_	_	_	_	_	_	_	
11-161	5113-5120	ceijlon	*[114]|*[115]	ORG[114]|LOC\_NAME[115]	*	_	_	_	_	
11-162	5120-5121	,	_	_	_	_	_	_	_	
11-163	5122-5125	Wat	_	_	_	_	_	_	_	
11-164	5126-5137	geschriften	_	_	_	_	_	_	_	
11-165	5138-5142	daer	_	_	_	_	_	_	_	
11-166	5143-5146	van	_	_	_	_	_	_	_	
11-167	5147-5156	Cormandel	*[116]|*[117]	LOC\_NAME[116]|ORG[117]	*	_	_	_	_	
11-168	5156-5157	,	_	_	_	_	_	_	_	
11-169	5158-5166	bengalen	*[118]|*[119]	LOC\_NAME[118]|ORG[119]	_	_	_	_	_	
11-170	5166-5167	,	_	_	_	_	_	_	_	
11-171	5168-5176	bouratte	*[120]|*[121]	LOC\_NAME[120]|ORG[121]	_	_	_	_	_	
11-172	5177-5179	en	_	_	_	_	_	_	_	
11-173	5180-5186	cochim	*[122]|*[123]	LOC\_NAME[122]|ORG[123]	_	_	_	_	_	
11-174	5186-5187	,	_	_	_	_	_	_	_	
11-175	5188-5191	die	_	_	_	_	_	_	_	
11-176	5192-5195	wij	_	_	_	_	_	_	_	
11-177	5196-5199	bij	_	_	_	_	_	_	_	
11-178	5200-5205	deese	_	_	_	_	_	_	_	
11-179	5206-5220	geleegendheijd	_	_	_	_	_	_	_	
11-180	5221-5230	versenden	_	_	_	Patient	11-153[242]	Transportation	evokes	
11-181	5230-5231	,	_	_	_	_	_	_	_	
11-182	5232-5240	alhoewel	_	_	_	_	_	_	_	
11-183	5241-5244	wij	_	_	_	_	_	_	_	
11-184	5245-5257	vertrouwende	_	_	_	_	_	_	_	
11-185	5258-5265	vrunden	*	PER\_ATTR	_	_	_	_	_	
11-186	5266-5269	van	_	_	_	_	_	_	_	
11-187	5270-5279	derselver	_	_	_	_	_	_	_	
11-188	5280-5286	teneur	_	_	_	_	_	_	_	
11-189	5287-5289	al	_	_	_	_	_	_	_	
11-190	5290-5296	sullen	_	_	_	_	_	_	_	
11-191	5297-5303	weesen	_	_	_	_	_	_	_	
11-192	5304-5311	gediend	_	_	_	_	_	_	_	
11-193	5311-5312	,	_	_	_	_	_	_	_	
11-194	5313-5320	gemerkt	_	_	_	_	_	_	_	
11-195	5321-5324	die	_	_	_	_	_	_	_	
11-196	5325-5329	voor	_	_	_	_	_	_	_	
11-197	5330-5335	deese	_	_	_	_	_	_	_	
11-198	5336-5344	directie	*	ORG	_	_	_	_	_	
11-199	5344-5345	,	_	_	_	_	_	_	_	
11-200	5346-5349	ons	_	_	_	_	_	_	_	
11-201	5350-5352	al	_	_	_	_	_	_	_	
11-202	5353-5357	over	_	_	_	_	_	_	_	
11-203	5357-5358	,	_	_	_	_	_	_	_	
11-204	5359-5368	mallabaer	*	LOC\_NAME	_	_	_	_	_	
11-205	5369-5373	zijn	_	_	_	_	_	_	_	
11-206	5374-5384	toegecomen	_	_	_	_	_	_	_	
11-207	5384-5385	,	_	_	_	_	_	_	_	
11-208	5386-5392	gelijk	_	_	_	_	_	_	_	
11-209	5393-5403	voorwaerts	_	_	_	_	_	_	_	
11-210	5404-5413	genoteerd	_	_	_	_	_	_	_	
11-211	5414-5423	gensteerd	_	_	_	_	_	_	_	
11-212	5424-5432	geworden	_	_	_	_	_	_	_	
11-213	5433-5435	is	_	_	_	_	_	_	_	
11-214	5435-5436	,	_	_	_	_	_	_	_	
11-215	5437-5447	intusschen	_	_	_	_	_	_	_	
11-216	5448-5451	dat	_	_	_	_	_	_	_	
11-217	5452-5455	den	_	_	_	_	_	_	_	
11-218	5456-5468	ondercoopman	*	PRF	*[244]	_	_	_	_	
11-219	5469-5475	Coorte	*	PER\_NAME	*[244]	_	_	_	_	
11-220	5476-5479	tot	_	_	_	_	_	_	_	
11-221	5480-5486	hoeden	_	_	_	_	_	_	_	
11-222	5487-5499	ondercoopman	*	PRF	_	_	_	_	_	
11-223	5500-5504	sood	_	_	_	_	_	_	_	
11-224	5505-5509	dato	_	_	_	_	_	_	_	
11-225	5510-5513	nog	_	_	_	_	_	_	_	
11-226	5514-5518	niet	_	_	_	_	_	_	_	
11-227	5519-5527	vernomen	_	_	_	_	_	_	_	
11-228	5528-5536	werdende	_	_	_	_	_	_	_	
11-229	5536-5537	,	_	_	_	_	_	_	_	
11-230	5538-5540	nu	_	_	_	_	_	_	_	
11-231	5541-5544	tot	_	_	_	_	_	_	_	
11-232	5545-5548	een	_	_	_	_	_	_	_	
11-233	5549-5553	Last	_	_	_	_	_	_	_	
11-234	5554-5558	Comt	_	_	_	_	_	_	_	
11-235	5558-5559	,	_	_	_	_	_	_	_	
11-236	5560-5562	en	_	_	_	_	_	_	_	
11-237	5563-5566	tot	_	_	_	_	_	_	_	
11-238	5567-5569	de	_	_	_	_	_	_	_	
11-239	5570-5575	naest	_	_	_	_	_	_	_	
11-240	5576-5579	van	_	_	_	_	_	_	_	
11-241	5580-5585	deese	_	_	_	_	_	_	_	
11-242	5586-5594	directie	*	ORG	_	_	_	_	_	
11-243	5595-5597	de	_	_	_	_	_	_	_	
11-244	5598-5611	naestvolgende	_	_	_	_	_	_	_	
11-245	5612-5620	scheepen	*	SHIP\_TYPE	_	_	_	_	_	
11-246	5621-5624	sal	_	_	_	_	_	_	_	
11-247	5625-5631	moeten	_	_	_	_	_	_	_	
11-248	5632-5640	inwagten	_	_	_	_	_	_	_	
11-249	5640-5641	,	_	_	_	_	_	_	_	
11-250	5642-5644	en	_	_	_	_	_	_	_	
11-251	5645-5649	hier	_	_	_	_	_	_	_	
11-252	5650-5661	overblijven	_	_	_	_	_	_	_	
11-253	5661-5662	,	_	_	_	_	_	_	_	
11-254	5663-5666	dat	_	_	_	_	_	_	_	
11-255	5667-5670	wij	_	_	_	_	_	_	_	
11-256	5671-5677	Liever	_	_	_	_	_	_	_	
11-257	5678-5684	anders	_	_	_	_	_	_	_	
12-1	5685-5688	nog	_	_	_	_	_	_	_	
12-2	5689-5693	niet	_	_	_	_	_	_	_	
12-3	5694-5696	te	_	_	_	_	_	_	_	
12-4	5697-5707	voorschijn	_	_	_	_	_	_	_	
12-5	5708-5717	besending	_	_	_	_	_	_	_	
12-6	5718-5721	zal	_	_	_	_	_	_	_	
12-7	5722-5728	moeten	_	_	_	_	_	_	_	
12-8	5729-5736	blijven	_	_	_	_	_	_	_	
13-1	5737-5743	voorde	_	_	_	_	_	_	_	
13-2	5744-5753	woesterse	*[124]	ORG[124]	_	_	_	_	_	
13-3	5754-5758	comp	*[124]	ORG[124]	_	_	_	_	_	
13-4	5758-5759	=	*[124]	ORG[124]	_	_	_	_	_	
13-5	5759-5761	es	*[124]	ORG[124]	_	_	_	_	_	
13-6	5762-5766	zijn	_	_	_	_	_	_	_	
13-7	5766-5767	.	_	_	_	_	_	_	_	
14-1	5768-5777	ontfangst	_	_	_	Agent	14-3[245]	Arriving	evokes	
14-2	5778-5781	van	_	_	_	_	_	_	_	
14-3	5782-5785	een	_	_	*[245]	_	_	_	_	
14-4	5786-5793	pacquet	_	_	*[245]	_	_	_	_	
14-5	5794-5807	vaderlandsche	*[125]	DOC[125]	*[245]	_	_	_	_	
14-6	5808-5816	papieren	*[125]	DOC[125]	*[245]	_	_	_	_	
14-7	5816-5817	,	_	_	_	_	_	_	_	
14-8	5818-5820	en	_	_	_	_	_	_	_	
14-9	5821-5822	p	_	_	_	_	_	_	_	
14-10	5822-5823	:	_	_	_	_	_	_	_	
14-11	5823-5824	r	_	_	_	_	_	_	_	
14-12	5825-5830	Wiens	_	_	_	_	_	_	_	
14-13	5831-5837	addaes	_	_	_	_	_	_	_	
15-1	5838-5841	aff	_	_	_	_	_	_	_	
15-2	5842-5849	tegaene	_	_	_	_	_	_	_	
15-3	5849-5850	,	_	_	_	_	_	_	_	
15-4	5851-5859	hrijvens	*	DOC	_	_	_	_	_	
15-5	5860-5866	sullen	_	_	_	_	_	_	_	
15-6	5867-5881	recommandeeren	_	_	_	_	_	_	_	
15-7	5882-5892	engelasten	_	_	_	_	_	_	_	
15-8	5892-5893	.	_	_	_	_	_	_	_	
16-1	5894-5900	hadden	_	_	_	_	_	_	_	
16-2	5901-5907	gesien	_	_	_	_	_	_	_	
16-3	5907-5908	,	_	_	_	_	_	_	_	
16-4	5909-5911	in	_	_	_	_	_	_	_	
16-5	5912-5918	opsigt	_	_	_	_	_	_	_	
16-6	5919-5922	hij	*	PER\_ATTR	_	_	_	_	_	
16-7	5923-5929	meeste	_	_	_	Patient[275]	11-218[244]	HavingAMedicalCondition[275]	isOfType[275]	
16-8	5930-5940	ziekelijck	_	_	_	Patient[275]	11-218[244]	HavingAMedicalCondition[275]	isOfType[275]	
16-9	5941-5943	en	_	_	_	Patient[275]	11-218[244]	HavingAMedicalCondition[275]	isOfType[275]	
16-10	5944-5948	daer	_	_	_	Patient[275]	11-218[244]	HavingAMedicalCondition[275]	isOfType[275]	
16-11	5949-5952	bij	_	_	_	Patient[275]	11-218[244]	HavingAMedicalCondition[275]	isOfType[275]	
16-12	5953-5962	natgierig	_	_	_	Patient[275]	11-218[244]	HavingAMedicalCondition[275]	isOfType[275]	
16-13	5963-5964	(	_	_	_	Patient[275]	11-218[244]	HavingAMedicalCondition[275]	isOfType[275]	
16-14	5964-5966	't	_	_	_	Patient[275]	11-218[244]	HavingAMedicalCondition[275]	isOfType[275]	
16-15	5967-5971	welk	_	_	_	Patient[275]	11-218[244]	HavingAMedicalCondition[275]	isOfType[275]	
16-16	5972-5980	eijgentz	_	_	_	Patient[275]	11-218[244]	HavingAMedicalCondition[275]	isOfType[275]	
16-17	5980-5981	:	_	_	_	Patient[275]	11-218[244]	HavingAMedicalCondition[275]	isOfType[275]	
16-18	5982-5986	zijn	_	_	_	Patient[275]	11-218[244]	HavingAMedicalCondition[275]	isOfType[275]	
16-19	5987-5999	jndispositie	_	_	_	Patient[275]	11-218[244]	HavingAMedicalCondition[275]	isOfType[275]	
16-20	6000-6003	was	_	_	_	Patient[275]	11-218[244]	HavingAMedicalCondition[275]	isOfType[275]	
16-21	6003-6004	,	_	_	_	_	_	_	_	
16-22	6005-6009	waer	_	_	_	_	_	_	_	
16-23	6010-6014	door	_	_	_	_	_	_	_	
16-24	6015-6018	hij	*	PER\_ATTR	_	_	_	_	_	
16-25	6019-6029	despahanse	*[126]|*[127]	DOC[126]|LOC\_ADJ[127]	_	_	_	_	_	
16-26	6030-6035	brief	*[126]|*[128]	DOC[126]|DOC[128]	_	_	_	_	_	
16-27	6036-6039	van	_	_	_	_	_	_	_	
16-28	6040-6043	den	_	_	_	_	_	_	_	
16-29	6044-6048	13„e	*[129]	DOC[129]	_	_	_	_	_	
16-30	6049-6052	feb	*[129]	DOC[129]	_	_	_	_	_	
16-31	6052-6053	:	*[129]	DOC[129]	_	_	_	_	_	
16-32	6054-6058	1710	*[129]	DOC[129]	_	_	_	_	_	
16-33	6058-6059	.	*[129]	DOC[129]	_	_	_	_	_	
16-34	6060-6064	niet	_	_	_	_	_	_	_	
16-35	6065-6073	teekenen	_	_	_	_	_	_	_	
16-36	6074-6077	kon	_	_	_	_	_	_	_	
16-37	6077-6078	,	_	_	_	_	_	_	_	
16-38	6079-6081	en	_	_	_	_	_	_	_	
16-39	6082-6085	wel	_	_	_	_	_	_	_	
16-40	6086-6092	seeven	_	_	_	_	_	_	_	
16-41	6093-6100	Etmalen	_	_	_	_	_	_	_	
16-42	6101-6108	geduurd	_	_	_	_	_	_	_	
16-43	6109-6114	hadde	_	_	_	_	_	_	_	
16-44	6114-6115	,	_	_	_	_	_	_	_	
16-45	6116-6118	dE	*[130]	ORG[130]	_	_	_	_	_	
16-46	6119-6123	Comp	*[130]	ORG[130]	_	_	_	_	_	
16-47	6123-6124	:	*[130]	ORG[130]	_	_	_	_	_	
16-48	6125-6128	van	_	_	_	_	_	_	_	
16-49	6129-6135	wijnig	_	_	_	_	_	_	_	
16-50	6136-6141	nutte	_	_	_	_	_	_	_	
16-51	6142-6148	weesen	_	_	_	_	_	_	_	
16-52	6149-6152	kan	_	_	_	_	_	_	_	
16-53	6152-6153	,	_	_	_	_	_	_	_	
16-54	6154-6158	maer	_	_	_	_	_	_	_	
16-55	6159-6160	d	_	_	*[246]	_	_	_	_	
16-56	6160-6161	'	_	_	*[246]	_	_	_	_	
16-57	6162-6174	affreekening	_	_	*[246]	_	_	_	_	
16-58	6175-6178	der	_	_	*[246]	_	_	_	_	
16-59	6179-6182	Wol	*	CMTY\_NAME	*[246]	_	_	_	_	
16-60	6183-6186	die	_	_	_	_	_	_	_	
16-61	6187-6190	ons	_	_	_	_	_	_	_	
16-62	6191-6194	dus	_	_	_	_	_	_	_	
16-63	6195-6200	Lange	_	_	_	_	_	_	_	
16-64	6201-6205	onts	_	_	_	_	_	_	_	
16-65	6206-6210	Lond	_	_	_	_	_	_	_	
16-66	6210-6211	,	_	_	_	_	_	_	_	
16-67	6212-6218	hebben	_	_	_	_	_	_	_	
16-68	6219-6222	wij	_	_	*	_	_	_	_	
16-69	6223-6226	ten	_	_	_	_	_	_	_	
16-70	6227-6234	Laesten	_	_	_	_	_	_	_	
16-71	6235-6237	op	_	_	_	_	_	_	_	
16-72	6238-6249	Eergisteren	*	DATE	*	_	_	_	_	
16-73	6250-6259	ontfangen	_	_	_	Agent;Patient;Time	16-68;16-55[246];16-72	Getting	isOfType	
16-74	6259-6260	,	_	_	_	_	_	_	_	
16-75	6261-6264	soo	_	_	_	_	_	_	_	
16-76	6265-6268	dat	_	_	_	_	_	_	_	
16-77	6269-6271	de	_	_	_	_	_	_	_	
16-78	6272-6274	nu	_	_	_	_	_	_	_	
16-79	6275-6285	overgaende	_	_	_	_	_	_	_	
16-80	6286-6290	niet	_	_	_	_	_	_	_	
16-81	6291-6294	bij	_	_	_	_	_	_	_	
16-82	6295-6305	Calculatie	_	_	_	_	_	_	_	
16-83	6305-6306	,	_	_	_	_	_	_	_	
16-84	6307-6311	maer	_	_	_	_	_	_	_	
16-85	6312-6317	onder	_	_	_	_	_	_	_	
16-86	6318-6322	hare	_	_	_	_	_	_	_	
16-87	6323-6328	waere	_	_	_	_	_	_	_	
16-88	6329-6337	Costende	_	_	_	_	_	_	_	
16-89	6338-6347	versonden	_	_	_	_	_	_	_	
16-90	6348-6353	avend	_	_	_	_	_	_	_	
16-91	6353-6354	,	_	_	_	_	_	_	_	
16-92	6355-6364	belopende	_	_	_	_	_	_	_	
16-93	6365-6367	de	_	_	_	_	_	_	_	
16-94	6368-6371	man	_	_	_	_	_	_	_	
16-95	6372-6375	van	_	_	_	_	_	_	_	
16-96	6376-6377	6	*[131]	CMTY\_QUANT[131]	_	_	_	_	_	
16-97	6378-6380	lx	*[131]	CMTY\_QUANT[131]	_	_	_	_	_	
16-98	6380-6381	=	*[131]	CMTY\_QUANT[131]	_	_	_	_	_	
16-99	6381-6382	s	*[131]	CMTY\_QUANT[131]	_	_	_	_	_	
16-100	6383-6384	m	*[131]	CMTY\_QUANT[131]	_	_	_	_	_	
16-101	6385-6387	as	*[131]	CMTY\_QUANT[131]	_	_	_	_	_	
16-102	6388-6389	8	*[131]	CMTY\_QUANT[131]	_	_	_	_	_	
16-103	6389-6390	.	*[131]	CMTY\_QUANT[131]	_	_	_	_	_	
16-104	6391-6395	13¾.	*[131]	CMTY\_QUANT[131]	_	_	_	_	_	
16-105	6396-6401	ruijm	*[131]	CMTY\_QUANT[131]	_	_	_	_	_	
16-106	6401-6402	,	_	_	_	_	_	_	_	
16-107	6403-6406	off	_	_	_	_	_	_	_	
16-108	6407-6408	ƒ	*[132]	CMTY\_QUANT[132]	_	_	_	_	_	
16-109	6409-6418	3:13:13½.	*[132]	CMTY\_QUANT[132]	_	_	_	_	_	
16-110	6419-6424	ruijm	*[132]	CMTY\_QUANT[132]	_	_	_	_	_	
16-111	6424-6425	,	_	_	_	_	_	_	_	
16-112	6426-6428	't	_	_	_	_	_	_	_	
16-113	6429-6433	welk	_	_	_	_	_	_	_	
16-114	6434-6435	m	*[133]	CMTY\_QUANT[133]	_	_	_	_	_	
16-115	6435-6436	=	*[133]	CMTY\_QUANT[133]	_	_	_	_	_	
16-116	6436-6438	as	*[133]	CMTY\_QUANT[133]	_	_	_	_	_	
16-117	6439-6440	-	*[133]	CMTY\_QUANT[133]	_	_	_	_	_	
16-118	6441-6444	3/0	*[133]	CMTY\_QUANT[133]	_	_	_	_	_	
16-119	6445-6448	off	_	_	_	_	_	_	_	
16-120	6449-6450	ƒ	*[134]	CMTY\_QUANT[134]	_	_	_	_	_	
16-121	6451-6452	—	*[134]	CMTY\_QUANT[134]	_	_	_	_	_	
16-122	6452-6453	.	*[134]	CMTY\_QUANT[134]	_	_	_	_	_	
16-123	6454-6455	5	*[134]	CMTY\_QUANT[134]	_	_	_	_	_	
16-124	6455-6456	:	*[134]	CMTY\_QUANT[134]	_	_	_	_	_	
16-125	6457-6458	3	*[134]	CMTY\_QUANT[134]	_	_	_	_	_	
16-126	6459-6460	¾	*[134]	CMTY\_QUANT[134]	_	_	_	_	_	
16-127	6461-6466	ruijm	*[134]	CMTY\_QUANT[134]	_	_	_	_	_	
16-128	6466-6467	,	_	_	_	_	_	_	_	
16-129	6468-6472	veel	_	_	_	_	_	_	_	
16-130	6473-6476	met	_	_	_	_	_	_	_	
16-131	6477-6480	die	_	_	_	_	_	_	_	
16-132	6481-6486	van't	_	_	_	_	_	_	_	
16-133	6487-6488	8	_	_	_	_	_	_	_	
16-134	6489-6496	duurder	_	_	_	_	_	_	_	
16-135	6497-6499	is	_	_	_	_	_	_	_	
16-136	6499-6500	,	_	_	_	_	_	_	_	
16-137	6501-6504	dan	_	_	_	_	_	_	_	
16-138	6505-6508	die	_	_	_	_	_	_	_	
16-139	6509-6512	van	_	_	_	_	_	_	_	
16-140	6513-6514	a	*[135]	DATE[135]	_	_	_	_	_	
16-141	6514-6515	=	*[135]	DATE[135]	_	_	_	_	_	
16-142	6515-6516	o	*[135]	DATE[135]	_	_	_	_	_	
16-143	6517-6521	pass	*[135]	DATE[135]	_	_	_	_	_	
16-144	6521-6522	„	*[135]	DATE[135]	_	_	_	_	_	
16-145	6522-6523	o	*[135]	DATE[135]	_	_	_	_	_	
16-146	6523-6524	,	_	_	_	_	_	_	_	
16-147	6525-6527	en	_	_	_	_	_	_	_	
16-148	6528-6532	niet	_	_	_	_	_	_	_	
16-149	6533-6534	8	*[136]	CMTY\_QUANT[136]	_	_	_	_	_	
16-150	6535-6538	stp	*[136]	CMTY\_QUANT[136]	_	_	_	_	_	
16-151	6538-6539	„	*[136]	CMTY\_QUANT[136]	_	_	_	_	_	
16-152	6539-6540	s	*[136]	CMTY\_QUANT[136]	_	_	_	_	_	
16-153	6541-6542	8	*[136]	CMTY\_QUANT[136]	_	_	_	_	_	
16-154	6543-6547	penn	*[136]	CMTY\_QUANT[136]	_	_	_	_	_	
16-155	6547-6548	:	*[136]	CMTY\_QUANT[136]	_	_	_	_	_	
16-156	6549-6556	gelijck	_	_	_	_	_	_	_	
16-157	6557-6559	de	_	_	_	_	_	_	_	
16-158	6560-6568	kirmanse	*[137]|*[138]	PRF[137]|ETH\_REL[138]	_	_	_	_	_	
16-159	6569-6579	bediendens	*[137]	PRF[137]	_	_	_	_	_	
16-160	6580-6585	eerst	_	_	_	_	_	_	_	
16-161	6586-6592	gisten	_	_	_	_	_	_	_	
16-162	6592-6593	,	_	_	_	_	_	_	_	
16-163	6594-6596	en	_	_	_	_	_	_	_	
16-164	6597-6602	uhoog	*[139]	ORG[139]	_	_	_	_	_	
16-165	6603-6605	Ed	*[139]	ORG[139]	_	_	_	_	_	
16-166	6605-6606	„	*[139]	ORG[139]	_	_	_	_	_	
16-167	6606-6607	e	*[139]	ORG[139]	_	_	_	_	_	
16-168	6608-6612	agtb	*[139]	ORG[139]	_	_	_	_	_	
16-169	6612-6613	:	*[139]	ORG[139]	_	_	_	_	_	
16-170	6614-6617	sub	_	_	_	_	_	_	_	
16-171	6618-6622	dato	_	_	_	_	_	_	_	
16-172	6623-6628	primo	*[140]	DATE[140]	_	_	_	_	_	
16-173	6629-6632	aug	*[140]	DATE[140]	_	_	_	_	_	
16-174	6632-6633	=	*[140]	DATE[140]	_	_	_	_	_	
16-175	6633-6634	o	*[140]	DATE[140]	_	_	_	_	_	
16-176	6635-6637	in	_	_	_	_	_	_	_	
16-177	6638-6642	alle	_	_	_	_	_	_	_	
16-178	6643-6652	submissie	_	_	_	_	_	_	_	
16-179	6653-6660	bedeeld	_	_	_	_	_	_	_	
16-180	6661-6663	en	_	_	_	_	_	_	_	
16-181	6664-6668	voor	_	_	_	_	_	_	_	
16-182	6669-6674	oogen	_	_	_	_	_	_	_	
16-183	6675-6682	gebragt	_	_	_	_	_	_	_	
16-184	6683-6685	is	_	_	_	_	_	_	_	
16-185	6685-6686	,	_	_	_	_	_	_	_	
16-186	6687-6692	onder	_	_	_	_	_	_	_	
16-187	6693-6700	verdere	_	_	_	_	_	_	_	
16-188	6701-6714	aankundigingh	_	_	_	_	_	_	_	
16-189	6715-6718	van	_	_	_	_	_	_	_	
16-190	6719-6722	die	_	_	_	_	_	_	_	
16-191	6723-6726	van	_	_	_	_	_	_	_	
16-192	6727-6733	kirman	*	PRF	_	_	_	_	_	
16-193	6733-6734	,	_	_	_	_	_	_	_	
16-194	6735-6740	datse	_	_	_	_	_	_	_	
16-195	6741-6744	nog	_	_	_	_	_	_	_	
16-196	6745-6748	een	_	_	_	_	_	_	_	
16-197	6749-6759	parthijtje	_	_	_	_	_	_	_	
16-198	6760-6763	van	_	_	_	_	_	_	_	
16-199	6764-6766	28	*[141]	CMTY\_QUANT[141]	_	_	_	_	_	
16-200	6766-6767	.	*[141]	CMTY\_QUANT[141]	_	_	_	_	_	
16-201	6768-6769	–	*[141]	CMTY\_QUANT[141]	_	_	_	_	_	
16-202	6769-6770	.	*[141]	CMTY\_QUANT[141]	_	_	_	_	_	
16-203	6771-6776	balen	*[141]	CMTY\_QUANT[141]	_	_	_	_	_	
16-204	6777-6787	inhoudende	_	_	_	_	_	_	_	
16-205	6788-6792	2520	*[142]	CMTY\_QUANT[142]	_	_	_	_	_	
16-206	6792-6793	.	*[142]	CMTY\_QUANT[142]	_	_	_	_	_	
16-207	6794-6795	–	*[142]	CMTY\_QUANT[142]	_	_	_	_	_	
16-208	6795-6796	.	*[142]	CMTY\_QUANT[142]	_	_	_	_	_	
16-209	6797-6799	lb	*[142]	CMTY\_QUANT[142]	_	_	_	_	_	
16-210	6800-6806	hadden	_	_	_	_	_	_	_	
16-211	6807-6817	uijtgeseth	_	_	_	_	_	_	_	
16-212	6817-6818	,	_	_	_	_	_	_	_	
16-213	6819-6822	dog	_	_	_	_	_	_	_	
16-214	6823-6829	gelijk	_	_	_	_	_	_	_	
16-215	6830-6833	die	_	_	_	_	_	_	_	
16-216	6834-6843	veelheijd	_	_	_	_	_	_	_	
16-217	6844-6848	niet	_	_	_	_	_	_	_	
16-218	6849-6853	voor	_	_	_	_	_	_	_	
16-219	6854-6855	d	*[143]	DATE[143]	_	_	_	_	_	
16-220	6855-6856	'	*[143]	DATE[143]	_	_	_	_	_	
16-221	6857-6867	aenstaende	*[143]	DATE[143]	_	_	_	_	_	
16-222	6868-6873	maand	*[143]	DATE[143]	_	_	_	_	_	
16-223	6874-6878	hier	_	_	_	_	_	_	_	
16-224	6879-6882	kan	_	_	_	_	_	_	_	
16-225	6883-6889	weesen	_	_	_	_	_	_	_	
16-226	6889-6890	,	_	_	_	_	_	_	_	
16-227	6891-6900	oversuden	_	_	_	_	_	_	_	
16-228	6900-6901	.	_	_	_	_	_	_	_	
16-229	6902-6904	en	_	_	_	_	_	_	_	
16-230	6905-6908	dat	_	_	_	_	_	_	_	
16-231	6909-6911	de	_	_	_	_	_	_	_	
16-232	6912-6920	scheepen	*	SHIP\_TYPE	_	_	_	_	_	
16-233	6921-6923	in	_	_	_	_	_	_	_	
16-234	6924-6935	gereetheijt	_	_	_	_	_	_	_	
16-235	6936-6940	zijn	_	_	_	_	_	_	_	
16-236	6941-6948	gebragt	_	_	_	_	_	_	_	
16-237	6948-6949	,	_	_	_	_	_	_	_	
16-238	6950-6955	mitsg	_	_	_	_	_	_	_	
16-239	6955-6956	:	_	_	_	_	_	_	_	
16-240	6956-6957	s	_	_	_	_	_	_	_	
16-241	6958-6962	haer	_	_	_	_	_	_	_	
16-242	6963-6967	tijd	_	_	_	_	_	_	_	
16-243	6968-6971	wel	_	_	_	_	_	_	_	
16-244	6972-6978	sullen	_	_	_	_	_	_	_	
16-245	6979-6988	benodigen	_	_	_	_	_	_	_	
16-246	6988-6989	,	_	_	_	_	_	_	_	
16-247	6990-6992	om	_	_	_	_	_	_	_	
16-248	6993-6999	tijdig	_	_	_	_	_	_	_	
16-249	7000-7002	op	_	_	_	_	_	_	_	
16-250	7003-7010	batavia	*	LOC\_NAME	_	_	_	_	_	
16-251	7011-7013	te	_	_	_	_	_	_	_	
16-252	7014-7020	weesen	_	_	_	_	_	_	_	
16-253	7020-7021	,	_	_	_	_	_	_	_	
16-254	7022-7028	hebben	_	_	_	_	_	_	_	
16-255	7029-7032	wij	_	_	_	_	_	_	_	
16-256	7033-7037	niet	_	_	_	_	_	_	_	
16-257	7038-7044	derven	_	_	_	_	_	_	_	
16-258	7045-7055	besluijten	_	_	_	_	_	_	_	
16-259	7055-7056	,	_	_	_	_	_	_	_	
16-260	7057-7060	die	_	_	_	_	_	_	_	
16-261	7061-7065	daer	_	_	_	_	_	_	_	
16-262	7066-7068	na	_	_	_	_	_	_	_	
16-263	7069-7071	op	_	_	_	_	_	_	_	
16-264	7072-7080	tehouden	_	_	_	_	_	_	_	
16-265	7080-7081	,	_	_	_	_	_	_	_	
16-266	7082-7084	en	_	_	_	_	_	_	_	
16-267	7085-7089	haer	_	_	_	_	_	_	_	
16-268	7090-7096	reijse	_	_	_	_	_	_	_	
16-269	7097-7099	te	_	_	_	_	_	_	_	
16-270	7100-7104	doen	_	_	_	_	_	_	_	
16-271	7105-7114	vertragen	_	_	_	_	_	_	_	
16-272	7114-7115	,	_	_	_	_	_	_	_	
16-273	7116-7119	wes	_	_	_	_	_	_	_	
16-274	7120-7123	die	_	_	_	_	_	_	_	
16-275	7124-7126	op	_	_	_	_	_	_	_	
16-276	7127-7130	weg	_	_	_	_	_	_	_	
16-277	7131-7137	zijnde	_	_	_	_	_	_	_	
16-278	7138-7141	wol	*	CMTY\_NAME	_	_	_	_	_	
16-279	7142-7146	niet	_	_	_	_	_	_	_	
16-280	7147-7151	voor	_	_	_	_	_	_	_	
16-281	7152-7154	de	_	_	_	_	_	_	_	
16-282	7155-7161	naeste	_	_	_	_	_	_	_	
16-283	7162-7172	besendinge	_	_	_	_	_	_	_	
16-284	7173-7178	staet	_	_	_	_	_	_	_	
16-285	7179-7181	te	_	_	_	_	_	_	_	
16-286	7182-7188	volgen	_	_	_	_	_	_	_	
16-287	7189-7191	en	_	_	_	_	_	_	_	
16-288	7192-7195	aff	_	_	_	_	_	_	_	
16-289	7196-7198	te	_	_	_	_	_	_	_	
16-290	7199-7203	gaen	_	_	_	_	_	_	_	
16-291	7203-7204	.	_	_	_	_	_	_	_	
16-292	7205-7209	Waer	_	_	_	_	_	_	_	
16-293	7210-7215	meede	_	_	_	_	_	_	_	
16-294	7216-7217	P	_	_	_	_	_	_	_	
16-295	7217-7218	„	_	_	_	_	_	_	_	
16-296	7218-7219	a	_	_	_	_	_	_	_	
16-297	7220-7221	&	_	_	_	_	_	_	_	
16-298	7221-7222	„	_	_	_	_	_	_	_	
16-299	7222-7223	a	_	_	_	_	_	_	_	
16-300	7224-7225	(	_	_	_	_	_	_	_	
16-301	7225-7235	onderstond	_	_	_	_	_	_	_	
16-302	7235-7236	)	_	_	_	_	_	_	_	
16-303	7237-7241	hoog	_	_	_	_	_	_	_	
16-304	7242-7247	Edele	_	_	_	_	_	_	_	
16-305	7248-7258	gebiedende	_	_	_	_	_	_	_	
17-1	7259-7262	wat	_	_	_	_	_	_	_	
17-2	7263-7274	quantiteijt	_	_	_	_	_	_	_	
17-3	7275-7277	er	_	_	_	_	_	_	_	
17-4	7278-7281	nog	_	_	_	_	_	_	_	
17-5	7282-7284	op	_	_	_	_	_	_	_	
17-6	7285-7288	weg	_	_	_	_	_	_	_	
17-7	7289-7291	is	_	_	_	_	_	_	_	
17-8	7291-7292	,	_	_	_	_	_	_	_	
17-9	7293-7297	waer	_	_	_	_	_	_	_	
17-10	7298-7300	na	_	_	_	_	_	_	_	
17-11	7301-7303	de	_	_	_	_	_	_	_	
17-12	7304-7312	scheepen	*	SHIP\_TYPE	_	_	_	_	_	
17-13	7313-7317	niet	_	_	_	_	_	_	_	
17-14	7318-7324	derven	_	_	_	_	_	_	_	
18-1	7325-7328	tot	_	_	_	_	_	_	_	
18-2	7329-7332	wat	_	_	_	_	_	_	_	
18-3	7333-7338	prijs	_	_	_	_	_	_	_	
18-4	7339-7341	de	_	_	_	_	_	_	_	
18-5	7342-7348	deesen	_	_	_	_	_	_	_	
18-6	7349-7350	7	_	_	_	_	_	_	_	
18-7	7351-7357	Jaerse	_	_	_	_	_	_	_	
18-8	7358-7365	beloopt	_	_	_	_	_	_	_	
18-9	7365-7366	,	_	_	_	_	_	_	_	
18-10	7367-7369	en	_	_	_	_	_	_	_	
18-11	7370-7373	hoe	_	_	_	_	_	_	_	
18-12	7374-7380	vorige	_	_	_	_	_	_	_	
18-13	7381-7391	diffoneerd	_	_	_	_	_	_	_	
18-14	7391-7392	.	_	_	_	_	_	_	_	
19-1	7393-7402	ontfangst	_	_	_	Patient	19-3[247]	Getting	isOfType	
19-2	7403-7406	der	_	_	_	_	_	_	_	
19-3	7407-7411	reek	_	_	*[247]	_	_	_	_	
19-4	7411-7412	:	_	_	*[247]	_	_	_	_	
19-5	7413-7416	van	_	_	*[247]	_	_	_	_	
19-6	7417-7420	des	_	_	*[247]	_	_	_	_	
19-7	7421-7428	irmanse	*[144]	CMTY\_NAME[144]	*[247]	_	_	_	_	
19-8	7429-7433	wvol	*[144]	CMTY\_NAME[144]	*[247]	_	_	_	_	
19-9	7433-7434	.	*[144]	CMTY\_NAME[144]	*[247]	_	_	_	_	
20-1	7435-7441	heeren	_	_	_	_	_	_	_	
20-2	7442-7443	(	_	_	_	_	_	_	_	
20-3	7443-7448	Lager	_	_	_	_	_	_	_	
20-4	7448-7449	)	_	_	_	_	_	_	_	
20-5	7450-7452	uw	_	_	_	_	_	_	_	
20-6	7453-7457	hoog	_	_	_	_	_	_	_	
20-7	7458-7463	Edele	_	_	_	_	_	_	_	
20-8	7464-7468	agtb	_	_	_	_	_	_	_	
20-9	7468-7469	=	_	_	_	_	_	_	_	
20-10	7469-7471	re	_	_	_	_	_	_	_	
20-11	7472-7483	onderdanige	_	_	_	_	_	_	_	
20-12	7484-7486	en	_	_	_	_	_	_	_	
20-13	7487-7495	getrouwe	_	_	_	_	_	_	_	
20-14	7496-7504	dienaren	_	_	_	_	_	_	_	
20-15	7505-7506	(	_	_	_	_	_	_	_	
20-16	7506-7509	was	_	_	_	_	_	_	_	
20-17	7510-7519	geteekent	_	_	_	_	_	_	_	
20-18	7519-7520	)	_	_	_	_	_	_	_	
20-19	7521-7522	W	*[145]	PER\_NAME[145]	_	_	_	_	_	
20-20	7522-7523	:	*[145]	PER\_NAME[145]	_	_	_	_	_	
20-21	7523-7524	m	*[145]	PER\_NAME[145]	_	_	_	_	_	
20-22	7525-7531	backer	*[145]	PER\_NAME[145]	_	_	_	_	_	
20-23	7532-7539	Jacobsz	*[145]	PER\_NAME[145]	_	_	_	_	_	
20-24	7539-7540	:	*[145]	PER\_NAME[145]	_	_	_	_	_	
20-25	7540-7541	,	_	_	_	_	_	_	_	
20-26	7542-7545	Jan	*[146]	PER\_NAME[146]	_	_	_	_	_	
20-27	7546-7550	Oets	*[146]	PER\_NAME[146]	_	_	_	_	_	
20-28	7550-7551	,	_	_	_	_	_	_	_	
20-29	7552-7557	matth	*[147]	PER\_NAME[147]	_	_	_	_	_	
20-30	7557-7558	„	*[147]	PER\_NAME[147]	_	_	_	_	_	
20-31	7558-7559	s	*[147]	PER\_NAME[147]	_	_	_	_	_	
20-32	7560-7563	van	*[147]	PER\_NAME[147]	_	_	_	_	_	
20-33	7564-7572	Iongeren	*[147]	PER\_NAME[147]	_	_	_	_	_	
20-34	7572-7573	,	_	_	_	_	_	_	_	
20-35	7574-7581	adriaan	*[148]	PER\_NAME[148]	_	_	_	_	_	
20-36	7582-7585	Van	*[148]	PER\_NAME[148]	_	_	_	_	_	
20-37	7586-7592	biesum	*[148]	PER\_NAME[148]	_	_	_	_	_	
20-38	7592-7593	,	_	_	_	_	_	_	_	
20-39	7594-7595	N	*[149]	PER\_NAME[149]	_	_	_	_	_	
20-40	7595-7596	„	*[149]	PER\_NAME[149]	_	_	_	_	_	
20-41	7596-7597	o	*[149]	PER\_NAME[149]	_	_	_	_	_	
20-42	7598-7601	van	*[149]	PER\_NAME[149]	_	_	_	_	_	
20-43	7602-7607	Hoorn	*[149]	PER\_NAME[149]	_	_	_	_	_	
20-44	7608-7609	(	_	_	_	_	_	_	_	
20-45	7609-7611	in	_	_	_	_	_	_	_	
20-46	7612-7619	margine	_	_	_	_	_	_	_	
20-47	7619-7620	)	_	_	_	_	_	_	_	
20-48	7621-7627	gamron	*	LOC\_NAME	_	_	_	_	_	
20-49	7628-7631	den	_	_	_	_	_	_	_	
20-50	7632-7636	26„e	*[150]	DATE[150]	_	_	_	_	_	
20-51	7637-7646	februarij	*[150]	DATE[150]	_	_	_	_	_	
20-52	7647-7648	a	*[150]	DATE[150]	_	_	_	_	_	
20-53	7648-7649	„	*[150]	DATE[150]	_	_	_	_	_	
20-54	7649-7650	o	*[150]	DATE[150]	_	_	_	_	_	
20-55	7651-7655	1711	*[150]	DATE[150]	_	_	_	_	_	
20-56	7655-7656	.	*[150]	DATE[150]	_	_	_	_	_	
20-57	7657-7658	(	_	_	_	_	_	_	_	
20-58	7658-7660	en	_	_	_	_	_	_	_	
20-59	7661-7665	daer	_	_	_	_	_	_	_	
20-60	7666-7671	onder	_	_	_	_	_	_	_	
20-61	7671-7672	)	_	_	_	_	_	_	_	
20-62	7673-7674	P	_	_	_	_	_	_	_	
20-63	7674-7675	:	_	_	_	_	_	_	_	
20-64	7676-7677	S	_	_	_	_	_	_	_	
20-65	7677-7678	:	_	_	_	_	_	_	_	
20-66	7679-7681	28	*[151]	CMTY\_QUANT[151]	*[248]|*[249]	_	_	_	_	
20-67	7682-7688	kassen	*[151]	CMTY\_QUANT[151]	*[248]|*[249]	_	_	_	_	
20-68	7689-7697	Chiraese	*[152]	CMTY\_NAME[152]	*[248]|*[249]	_	_	_	_	
20-69	7698-7708	Claretwijn	*[152]	CMTY\_NAME[152]	*[248]|*[249]	_	_	_	_	
20-70	7708-7709	,	_	_	_	_	_	_	_	
20-71	7710-7713	zoo	_	_	_	_	_	_	_	
20-72	7714-7718	Even	_	_	_	_	_	_	_	
20-73	7719-7726	komende	_	_	_	Cargo[276]	20-66[248]	Transportation[276]	evokes[276]	
20-74	7727-7730	aen	_	_	_	Cargo[276]	20-66[248]	Transportation[276]	evokes[276]	
20-75	7731-7739	telanden	_	_	_	Cargo[276]	20-66[248]	Transportation[276]	evokes[276]	
20-76	7739-7740	,	_	_	_	_	_	_	_	
20-77	7741-7747	hebben	_	_	_	_	_	_	_	
20-78	7748-7752	niet	_	_	_	_	_	_	_	
20-79	7753-7758	mogen	_	_	_	_	_	_	_	
20-80	7759-7767	affwesen	_	_	_	_	_	_	_	
20-81	7767-7768	,	_	_	_	_	_	_	_	
20-82	7769-7772	nog	_	_	_	_	_	_	_	
20-83	7773-7775	in	_	_	_	_	_	_	_	
20-84	7776-7782	Vugeen	_	_	_	_	_	_	_	
20-85	7783-7787	voor	_	_	_	_	_	_	_	
20-86	7788-7790	de	_	_	*[250]	_	_	_	_	
20-87	7791-7797	hooffd	_	_	*[250]	_	_	_	_	
20-88	7798-7804	plaets	_	_	*[250]	_	_	_	_	
20-89	7805-7815	tescheepen	_	_	_	Target;Cargo	20-86[250];20-66[249]	Transportation	isOfType	
20-90	7815-7816	,	_	_	_	_	_	_	_	
20-91	7817-7820	des	_	_	_	_	_	_	_	
20-92	7821-7823	't	_	_	_	Cargo;Cargo;Instrument;Instrument;Cargo[277]	20-99[251];20-118[260];20-114[258];20-103[253];20-106[256]	Transportation[277]	evokes[277]	
20-93	7824-7834	versondene	_	_	_	Cargo;Cargo;Instrument;Instrument;Cargo[277]	20-99[251];20-118[260];20-114[258];20-103[253];20-106[256]	Transportation[277]	evokes[277]	
20-94	7835-7837	nu	_	_	_	_	_	_	_	
20-95	7838-7843	Loord	_	_	_	_	_	_	_	
20-96	7843-7844	'	_	_	_	_	_	_	_	
20-97	7845-7846	„	_	_	_	_	_	_	_	
20-98	7846-7849	met	_	_	_	_	_	_	_	
20-99	7850-7862	ƒ153741:6:—.	*	CMTY\_QUANT	*[251]|*[252]	_	_	_	_	
20-100	7862-7863	,	_	_	*[251]	_	_	_	_	
20-101	7864-7867	dat	_	_	_	_	_	_	_	
20-102	7868-7871	van	_	_	_	_	_	_	_	
20-103	7872-7874	de	_	_	*[253]	_	_	_	_	
20-104	7875-7876	2	_	_	*[253]|*[254]	_	_	_	_	
20-105	7877-7883	bodems	*	SHIP\_TYPE	*[253]|*[254]	_	_	_	_	
20-106	7884-7885	ƒ	*[153]	CMTY\_QUANT[153]	*[255]|*[256]	_	_	_	_	
20-107	7886-7892	297489	*[153]	CMTY\_QUANT[153]	*[255]|*[256]	_	_	_	_	
20-108	7892-7893	.	*[153]	CMTY\_QUANT[153]	*[255]|*[256]	_	_	_	_	
20-109	7894-7895	5	*[153]	CMTY\_QUANT[153]	*[255]|*[256]	_	_	_	_	
20-110	7895-7896	.	*[153]	CMTY\_QUANT[153]	*[255]|*[256]	_	_	_	_	
20-111	7897-7898	8	*[153]	CMTY\_QUANT[153]	*[255]|*[256]	_	_	_	_	
20-112	7898-7899	,	_	_	_	_	_	_	_	
20-113	7900-7902	en	_	_	_	_	_	_	_	
20-114	7903-7905	de	_	_	*[257]|*[258]	_	_	_	_	
20-115	7906-7910	vier	_	_	*[257]|*[258]	_	_	_	_	
20-116	7911-7913	te	_	_	*[257]|*[258]	_	_	_	_	
20-117	7914-7919	samen	_	_	*[257]|*[258]	_	_	_	_	
20-118	7920-7921	ƒ	*[154]	CMTY\_QUANT[154]	*[259]|*[260]	_	_	_	_	
20-119	7922-7928	795147	*[154]	CMTY\_QUANT[154]	*[259]|*[260]	_	_	_	_	
20-120	7928-7929	.	*[154]	CMTY\_QUANT[154]	*[259]|*[260]	_	_	_	_	
20-121	7930-7931	6	*[154]	CMTY\_QUANT[154]	*[259]|*[260]	_	_	_	_	
20-122	7931-7932	.	*[154]	CMTY\_QUANT[154]	*[259]|*[260]	_	_	_	_	
20-123	7933-7934	8	*[154]	CMTY\_QUANT[154]	*[259]|*[260]	_	_	_	_	
20-124	7934-7935	.	*[154]	CMTY\_QUANT[154]	*[259]|*[260]	_	_	_	_	
21-1	7936-7942	Gamron	*	LOC\_NAME	_	_	_	_	_	
21-2	7943-7946	Aan	_	_	_	_	_	_	_	
21-3	7947-7948	d	_	_	_	_	_	_	_	
21-4	7948-7949	'	_	_	_	_	_	_	_	
21-5	7950-7955	Edele	_	_	_	_	_	_	_	
21-6	7956-7960	Heer	_	_	_	_	_	_	_	
21-7	7961-7967	Willem	_	_	_	_	_	_	_	
21-8	7968-7974	backer	_	_	_	_	_	_	_	
21-9	7975-7982	Jacobsz	_	_	_	_	_	_	_	
21-10	7982-7983	,	_	_	_	_	_	_	_	
21-11	7984-7993	directeur	_	_	_	_	_	_	_	
21-12	7994-7998	over	_	_	_	_	_	_	_	
21-13	7999-8001	's	_	_	_	_	_	_	_	
21-14	8002-8006	Comp	_	_	_	_	_	_	_	
21-15	8006-8007	„	_	_	_	_	_	_	_	
21-16	8007-8008	s	_	_	_	_	_	_	_	
21-17	8009-8022	aansienlijkke	_	_	_	_	_	_	_	
21-18	8023-8031	belangen	_	_	_	_	_	_	_	
21-19	8032-8034	in	_	_	_	_	_	_	_	
21-20	8035-8037	't	_	_	_	_	_	_	_	
21-21	8038-8042	Rijk	*[155]	LOC\_NAME[155]	_	_	_	_	_	
21-22	8043-8046	van	*[155]	LOC\_NAME[155]	_	_	_	_	_	
21-23	8047-8053	Persia	*[155]	LOC\_NAME[155]	_	_	_	_	_	
21-24	8053-8054	,	_	_	_	_	_	_	_	
21-25	8055-8060	mitsg	_	_	_	_	_	_	_	
21-26	8060-8061	„	_	_	_	_	_	_	_	
21-27	8061-8062	s	_	_	_	_	_	_	_	
21-28	8063-8066	den	_	_	_	_	_	_	_	
21-29	8067-8071	Raad	_	_	_	_	_	_	_	
21-30	8071-8072	.	_	_	_	_	_	_	_	
22-1	8073-8076	Bij	_	_	_	_	_	_	_	
22-2	8077-8080	ons	_	_	_	_	_	_	_	
22-3	8081-8087	Laetst	_	_	_	_	_	_	_	
22-4	8088-8098	gedienstig	_	_	_	_	_	_	_	
22-5	8099-8109	schrijvens	*	DOC	_	_	_	_	_	
22-6	8110-8113	van	_	_	_	_	_	_	_	
22-7	8114-8117	den	_	_	_	_	_	_	_	
22-8	8118-8120	19	_	_	_	_	_	_	_	
22-9	8120-8121	„	_	_	_	_	_	_	_	
22-10	8121-8122	'	_	_	_	_	_	_	_	
22-11	8123-8126	der	_	_	_	_	_	_	_	
22-12	8127-8136	verweeken	_	_	_	_	_	_	_	
22-13	8137-8142	maand	_	_	_	_	_	_	_	
22-14	8143-8145	9b	_	_	_	_	_	_	_	
22-15	8145-8146	:	_	_	_	_	_	_	_	
22-16	8147-8155	copielyk	_	_	_	_	_	_	_	
22-17	8156-8163	neevens	_	_	_	_	_	_	_	
22-18	8164-8169	desen	_	_	_	_	_	_	_	
22-19	8170-8178	Leggende	_	_	_	_	_	_	_	
22-20	8178-8179	,	_	_	_	_	_	_	_	
23-1	8180-8181	_	_	_	_	_	_	_	_	
23-2	8182-8183	„	_	_	_	_	_	_	_	
23-3	8183-8185	te	_	_	_	_	_	_	_	
23-4	8186-8191	Edele	_	_	_	_	_	_	_	
23-5	8191-8192	,	_	_	_	_	_	_	_	
23-6	8193-8202	Erntfeste	_	_	_	_	_	_	_	
23-7	8202-8203	,	_	_	_	_	_	_	_	
23-8	8204-8209	manh=	_	_	_	_	_	_	_	
23-9	8210-8213	Wel	_	_	_	_	_	_	_	
23-10	8214-8219	wijse	_	_	_	_	_	_	_	
23-11	8220-8222	:/	_	_	_	_	_	_	_	
23-12	8223-8234	voorsienige	_	_	_	_	_	_	_	
23-13	8234-8235	,	_	_	_	_	_	_	_	
23-14	8236-8238	en	_	_	_	_	_	_	_	
23-15	8239-8243	seer	_	_	_	_	_	_	_	
23-16	8244-8253	Genereuse	_	_	_	_	_	_	_	
23-17	8254-8258	Heer	_	_	_	_	_	_	_	
