,Unnamed: 0,mention,anchor_type,mention_token_id,mention_character_id,eventclass,Patient_offsets,Agent_offsets,Location_offsets,Time_offsets,AgentPatient_offsets,Benefactive_offsets,Cargo_offsets,Source_offsets,Target_offsets,Path_offsets,Instrument_offsets,mention_span,mention_span_ids,mention_in_context,eventclass_no_number,last_token_id
0,0,overgaanden,isOfType,4-4,259-270,Translocation,['4-5'],,,['4-3'],,,,,,,,overgaanden,['4-4'],"Weledele Gestrenge Heeren Raaden van Nederlandsch Indie Hoogedele Groot Achtbaere Heer Wel Edele gestrenge Heeren . Bij onzen thans [ overgaanden ] Eisch hebben wij 1200 lasten rijst gesteld , en wij gebruken de vrijheid de volstrekte noodzaakelijkheid daar van hier mede",Translocation,4-4
1,1,Eisch,evokes,4-5,271-276,Request,,['4-7'],,['4-3'],,,,,,,,Eisch,['4-5'],"Gestrenge Heeren Raaden van Nederlandsch Indie Hoogedele Groot Achtbaere Heer Wel Edele gestrenge Heeren . Bij onzen thans overgaanden [ Eisch ] hebben wij 1200 lasten rijst gesteld , en wij gebruken de vrijheid de volstrekte noodzaakelijkheid daar van hier mede nader",Request,4-5
2,2,gesteld,isOfType,4-11,306-313,Request,,['4-7'],,,,,,,,,,gesteld,['4-11'],"Hoogedele Groot Achtbaere Heer Wel Edele gestrenge Heeren . Bij onzen thans overgaanden Eisch hebben wij 1200 lasten rijst [ gesteld ] , en wij gebruken de vrijheid de volstrekte noodzaakelijkheid daar van hier mede nader eerbiedig aan te toonen : De",Request,4-11
3,3,gesteldheid,evokes,4-32,428-439,HavingInternalState-,['4-34'],,,,,,,,,,,gesteldheid,['4-32'],"en wij gebruken de vrijheid de volstrekte noodzaakelijkheid daar van hier mede nader eerbiedig aan te toonen : De [ gesteldheid ] van de Rust Kormandel , die steets onze graan schuur is , geweest is zoo onzeeker , dat daarop geen",HavingInternalState-,4-32
4,4,verwoest,isOfType,4-66,596-604,BeingDestroyed,['4-63'],,,,,,,,,,,verwoest,['4-66'],"zoo onzeeker , dat daarop geen de minste staat te maaken is . Daar bij is het land zodanig [ verwoest ] , dat men aldaar zelfs , en niet zonder reeden , Voor een honger nood beducht is , dus kunnen",BeingDestroyed,4-66
5,5,onder,evokes,4-93,723-728,Giving[151],['4-93'],['4-89'],,,,['4-87'],,,,,,onder stand,"['4-93', '4-94']","niet zonder reeden , Voor een honger nood beducht is , dus kunnen wij van daar geen de minste [ onder stand ] verwach „ De heer Kommandeur van Angelbeek heeft ons Wel seshonderd lasten rijst toegezegd , doch dezelve moeten in",Giving,4-94
6,6,stand,evokes,4-94,729-734,Giving[151],['4-93'],['4-89'],,,,['4-87'],,,,,,onder stand,"['4-93', '4-94']","niet zonder reeden , Voor een honger nood beducht is , dus kunnen wij van daar geen de minste [ onder stand ] verwach „ De heer Kommandeur van Angelbeek heeft ons Wel seshonderd lasten rijst toegezegd , doch dezelve moeten in",Giving,4-94
7,7,toegezegd,evokes,5-12,815-824,Giving,['5-9'],['5-1'],,,,['5-7'],,,,,,toegezegd,['5-12'],"daar geen de minste onder stand verwach „ De heer Kommandeur van Angelbeek heeft ons Wel seshonderd lasten rijst [ toegezegd ] , doch dezelve moeten in de aanstaande maand April Worden afgehaald , Wijl ner laater geen schip op de koettjiensche",Giving,5-12
8,8,afgehaald,isOfType,5-23,882-891,Transportation,['5-9'],,,['5-18'],,,,,,,,afgehaald,['5-23'],"van Angelbeek heeft ons Wel seshonderd lasten rijst toegezegd , doch dezelve moeten in de aanstaande maand April Worden [ afgehaald ] , Wijl ner laater geen schip op de koettjiensche rheede durf vertrouwen , en daar toe zien wij geen mogelijkheid",Transportation,5-23
9,9,afhaal,evokes,5-51,1038-1044,Transportation,,,,,,,,,,,['5-48'],afhaal,['5-51'],"koettjiensche rheede durf vertrouwen , en daar toe zien wij geen mogelijkheid , Vermits wij geen scheepen tot den [ afhaal ] aan harden hebben en Wanneer Wij dezelve ook hadden , zonden ze dog zonder een goed konvooij niet gewaagd Worden",Transportation,5-51
10,10,aan,isOfType,5-52,1045-1048,HavingInPossession[152],['5-48'],['5-46'],,,,,,,,,,aan harden hebben,"['5-52', '5-53', '6-1']","rheede durf vertrouwen , en daar toe zien wij geen mogelijkheid , Vermits wij geen scheepen tot den afhaal [ aan harden hebben ] en Wanneer Wij dezelve ook hadden , zonden ze dog zonder een goed konvooij niet gewaagd Worden ,",HavingInPossession,6-1
11,11,harden,isOfType,5-53,1049-1055,HavingInPossession[152],['5-48'],['5-46'],,,,,,,,,,aan harden hebben,"['5-52', '5-53', '6-1']","rheede durf vertrouwen , en daar toe zien wij geen mogelijkheid , Vermits wij geen scheepen tot den afhaal [ aan harden hebben ] en Wanneer Wij dezelve ook hadden , zonden ze dog zonder een goed konvooij niet gewaagd Worden ,",HavingInPossession,6-1
12,12,hebben,isOfType,6-1,1056-1062,HavingInPossession[152],['5-48'],['5-46'],,,,,,,,,,aan harden hebben,"['5-52', '5-53', '6-1']","rheede durf vertrouwen , en daar toe zien wij geen mogelijkheid , Vermits wij geen scheepen tot den afhaal [ aan harden hebben ] en Wanneer Wij dezelve ook hadden , zonden ze dog zonder een goed konvooij niet gewaagd Worden ,",HavingInPossession,6-1
13,13,hadden,isOfType,6-7,1090-1096,HavingInPossession,['6-5'],['6-4'],,['6-3'],,,,,,,,hadden,['6-7'],"wij geen mogelijkheid , Vermits wij geen scheepen tot den afhaal aan harden hebben en Wanneer Wij dezelve ook [ hadden ] , zonden ze dog zonder een goed konvooij niet gewaagd Worden , Wijl de Bombaijsche fregatten nog bestendig op de",HavingInPossession,6-7
14,14,konvooij,evokes,6-15,1128-1136,Translocation,['6-10'],,,,,,,,,,['6-15'],konvooij,['6-15'],"tot den afhaal aan harden hebben en Wanneer Wij dezelve ook hadden , zonden ze dog zonder een goed [ konvooij ] niet gewaagd Worden , Wijl de Bombaijsche fregatten nog bestendig op de hoogte van koetsjien kruissen . Wat er te",Translocation,6-15
15,15,kruissen,isOfType,6-31,1229-1237,BeingAtAPlace,['6-21'],,['6-26'],,,,,,,,,kruissen,['6-31'],"zonder een goed konvooij niet gewaagd Worden , Wijl de Bombaijsche fregatten nog bestendig op de hoogte van koetsjien [ kruissen ] . Wat er te gen de opere Vaart / : die niet Voor half Oktober gerekend mag Worden:/ op Mallabaar",BeingAtAPlace,6-31
16,16,Vaart,isOfType,6-39,1262-1267,Voyage,,,,,,,,,,,,Vaart,['6-39'],"Wijl de Bombaijsche fregatten nog bestendig op de hoogte van koetsjien kruissen . Wat er te gen de opere [ Vaart ] / : die niet Voor half Oktober gerekend mag Worden:/ op Mallabaar Voorvallen kan , mogen wij niet gissen ,",Voyage,6-39
17,17,kreegen,isOfType,6-68,1424-1431,Getting,['6-64'],['6-62'],,,,,,,,,,kreegen,['6-68'],"Worden:/ op Mallabaar Voorvallen kan , mogen wij niet gissen , en zoo Wij deeze zelkonder- lasten Mallabaers rijst [ kreegen ] , bij de geeischte Javasche , zoude onze Voorraad naar maatig zijn , Wijl de Fransche Vloot zeken on rijst",Getting,6-68
18,18,geeischte,isOfType,6-72,1440-1449,Request,,,,,,,,,,,,geeischte,['6-72'],"kan , mogen wij niet gissen , en zoo Wij deeze zelkonder- lasten Mallabaers rijst kreegen , bij de [ geeischte ] Javasche , zoude onze Voorraad naar maatig zijn , Wijl de Fransche Vloot zeken on rijst zal vraagen , en",Request,6-72
19,19,Voorraad,evokes,6-77,1471-1479,HavingInPossession,,,,,,,,,,,,Voorraad,['6-77'],"gissen , en zoo Wij deeze zelkonder- lasten Mallabaers rijst kreegen , bij de geeischte Javasche , zoude onze [ Voorraad ] naar maatig zijn , Wijl de Fransche Vloot zeken on rijst zal vraagen , en de gemeente geen aanvoer uit",HavingInPossession,6-77
20,20,vraagen,isOfType,6-90,1540-1547,Request,,['6-83'],,,,,,,,,,vraagen,['6-90'],"de geeischte Javasche , zoude onze Voorraad naar maatig zijn , Wijl de Fransche Vloot zeken on rijst zal [ vraagen ] , en de gemeente geen aanvoer uit Boengaale hoopen kan . Om deeze reedenen verzoeken Wij Uwe Hoog Edelheeden nogmaals",Request,6-90
21,21,aanvoer,isOfType,6-96,1569-1576,Transportation,,,,,,,,['6-98'],['6-93'],,,aanvoer,['6-96'],"Voorraad naar maatig zijn , Wijl de Fransche Vloot zeken on rijst zal vraagen , en de gemeente geen [ aanvoer ] uit Boengaale hoopen kan . Om deeze reedenen verzoeken Wij Uwe Hoog Edelheeden nogmaals op het ootmoedigste , om onzer",Transportation,6-96
22,22,verzoeken,isOfType,6-105,1621-1630,Request,['6-107'],['6-106'],,,,,,,,,,verzoeken,['6-105'],"zeken on rijst zal vraagen , en de gemeente geen aanvoer uit Boengaale hoopen kan . Om deeze reedenen [ verzoeken ] Wij Uwe Hoog Edelheeden nogmaals op het ootmoedigste , om onzer voormelden Eisch kompleet te Willen voldoen , Wijl wij",Request,6-105
23,23,Eisch,evokes,6-118,1705-1710,Request,,,,,,,,,,,,Eisch,['6-118'],"hoopen kan . Om deeze reedenen verzoeken Wij Uwe Hoog Edelheeden nogmaals op het ootmoedigste , om onzer voormelden [ Eisch ] kompleet te Willen voldoen , Wijl wij andersints in een indoorkonelijke Verleegerheid zouden VerVallen . Een schip Voor Gale en",Request,6-118
24,24,Verleegerheid,evokes,6-130,1782-1795,SocialStatusChange[153],['6-125'],['6-107'],,,,,,,,,,Verleegerheid zouden VerVallen,"['6-130', '6-131', '6-132']","op het ootmoedigste , om onzer voormelden Eisch kompleet te Willen voldoen , Wijl wij andersints in een indoorkonelijke [ Verleegerheid zouden VerVallen ] . Een schip Voor Gale en een Voor Kolombo , zouden in Juri dienen te Vertrekken , om",SocialStatusChange,6-132
25,25,zouden,evokes,6-131,1796-1802,SocialStatusChange[153],['6-125'],['6-107'],,,,,,,,,,Verleegerheid zouden VerVallen,"['6-130', '6-131', '6-132']","op het ootmoedigste , om onzer voormelden Eisch kompleet te Willen voldoen , Wijl wij andersints in een indoorkonelijke [ Verleegerheid zouden VerVallen ] . Een schip Voor Gale en een Voor Kolombo , zouden in Juri dienen te Vertrekken , om",SocialStatusChange,6-132
26,26,VerVallen,evokes,6-132,1803-1812,SocialStatusChange[153],['6-125'],['6-107'],,,,,,,,,,Verleegerheid zouden VerVallen,"['6-130', '6-131', '6-132']","op het ootmoedigste , om onzer voormelden Eisch kompleet te Willen voldoen , Wijl wij andersints in een indoorkonelijke [ Verleegerheid zouden VerVallen ] . Een schip Voor Gale en een Voor Kolombo , zouden in Juri dienen te Vertrekken , om",SocialStatusChange,6-132
27,27,Vertrekken,isOfType,6-148,1880-1890,Leaving[154]|Leaving[155],,,,"['6-145|6-139', '6-145']",,,,,"['6-137', '6-141']",,"['6-134', '6-145|6-139']",Vertrekken,['6-148'],"indoorkonelijke Verleegerheid zouden VerVallen . Een schip Voor Gale en een Voor Kolombo , zouden in Juri dienen te [ Vertrekken ] , om tijding in Augustus hier te weezen zij komen bewesten de Maldivos en mag de reize dus op niet",Leaving,6-148
28,28,te,isOfType,6-155,1920-1922,BeingAtAPlace[156],"['6-139', '6-134']",,['6-154'],['6-153'],,,,,,,,te weezen,"['6-155', '6-156']","Voor Gale en een Voor Kolombo , zouden in Juri dienen te Vertrekken , om tijding in Augustus hier [ te weezen ] zij komen bewesten de Maldivos en mag de reize dus op niet minder dan twee maanden bereekend Worden .",BeingAtAPlace,6-156
29,29,weezen,isOfType,6-156,1923-1929,BeingAtAPlace[156],"['6-139', '6-134']",,['6-154'],['6-153'],,,,,,,,te weezen,"['6-155', '6-156']","Voor Gale en een Voor Kolombo , zouden in Juri dienen te Vertrekken , om tijding in Augustus hier [ te weezen ] zij komen bewesten de Maldivos en mag de reize dus op niet minder dan twee maanden bereekend Worden .",BeingAtAPlace,6-156
30,30,komen,isOfType,6-158,1934-1939,Arriving,,['6-157'],,,,,,,['6-159'],,,komen,['6-158'],"een Voor Kolombo , zouden in Juri dienen te Vertrekken , om tijding in Augustus hier te weezen zij [ komen ] bewesten de Maldivos en mag de reize dus op niet minder dan twee maanden bereekend Worden . Wanneer UWe Hoogedelheeden",Arriving,6-158
31,31,reize,isOfType,6-165,1971-1976,Voyage,,,,,,,,,['6-154'],,"['6-139', '6-134']",reize,['6-165'],"dienen te Vertrekken , om tijding in Augustus hier te weezen zij komen bewesten de Maldivos en mag de [ reize ] dus op niet minder dan twee maanden bereekend Worden . Wanneer UWe Hoogedelheeden , gelijk doorgaans , groote scheepen tot",Voyage,6-165
32,32,togt,isOfType,6-187,2104-2108,Voyage,,,,,,,,,,,['6-183'],togt,['6-187'],"niet minder dan twee maanden bereekend Worden . Wanneer UWe Hoogedelheeden , gelijk doorgaans , groote scheepen tot deezer [ togt ] uit kiezen , zal nog een derde niet alleen de gevraagde rijst , maar ook de overige goederen kunnen mede",Voyage,6-187
33,33,gevraagde,isOfType,6-198,2154-2163,Request,,,,,,,,,,,,gevraagde,['6-198'],", gelijk doorgaans , groote scheepen tot deezer togt uit kiezen , zal nog een derde niet alleen de [ gevraagde ] rijst , maar ook de overige goederen kunnen mede neemen , Vermits wij zo lang de oorlog duurt , op",Request,6-198
34,34,mede,isOfType,6-207,2207-2211,Transportation[157],"['6-197', '6-203']",,,,,,,,,,['6-193'],mede neemen,"['6-207', '6-208']","uit kiezen , zal nog een derde niet alleen de gevraagde rijst , maar ook de overige goederen kunnen [ mede neemen ] , Vermits wij zo lang de oorlog duurt , op geen onderlaag voor de retourscheepen denken mogen . Wij",Transportation,6-208
35,35,neemen,isOfType,6-208,2212-2218,Transportation[157],"['6-197', '6-203']",,,,,,,,,,['6-193'],mede neemen,"['6-207', '6-208']","uit kiezen , zal nog een derde niet alleen de gevraagde rijst , maar ook de overige goederen kunnen [ mede neemen ] , Vermits wij zo lang de oorlog duurt , op geen onderlaag voor de retourscheepen denken mogen . Wij",Transportation,6-208
36,36,oorlog,isOfType,6-215,2243-2249,BeingInConflict,,,,,,,,,,,,oorlog,['6-215'],"alleen de gevraagde rijst , maar ook de overige goederen kunnen mede neemen , Vermits wij zo lang de [ oorlog ] duurt , op geen onderlaag voor de retourscheepen denken mogen . Wij verzoeken dan , dat ook dit derde schip",BeingInConflict,6-215
37,37,onderlaag,isOfType,6-220,2265-2274,BeingDestroyed,['6-222'],,,,,,,,,,,onderlaag,['6-220'],"maar ook de overige goederen kunnen mede neemen , Vermits wij zo lang de oorlog duurt , op geen [ onderlaag ] voor de retourscheepen denken mogen . Wij verzoeken dan , dat ook dit derde schip de twee anderen spoedig volge",BeingDestroyed,6-220
38,38,retourscheepen,evokes,6-223,2283-2297,Voyage,,,,,,,,,,,['6-222'],retourscheepen,['6-223'],"overige goederen kunnen mede neemen , Vermits wij zo lang de oorlog duurt , op geen onderlaag voor de [ retourscheepen ] denken mogen . Wij verzoeken dan , dat ook dit derde schip de twee anderen spoedig volge , op dat",Voyage,6-223
39,39,verzoeken,isOfType,6-228,2316-2325,Request,,['6-227'],,,,,,,,,,verzoeken,['6-228'],", Vermits wij zo lang de oorlog duurt , op geen onderlaag voor de retourscheepen denken mogen . Wij [ verzoeken ] dan , dat ook dit derde schip de twee anderen spoedig volge , op dat het in september hier zij",Request,6-228
40,40,volge,evokes,6-240,2379-2384,Translocation[158]|Translocation[159],"['6-233', '6-236']",,,,,,,,['6-236'],,,volge,['6-240'],"voor de retourscheepen denken mogen . Wij verzoeken dan , dat ook dit derde schip de twee anderen spoedig [ volge ] , op dat het in september hier zij , Voor dat de goede Moesson Vijandelijke kruissers na deezer kant doe",Translocation,6-240
41,41,hier,isOfType,6-247,2410-2414,BeingAtAPlace[160],['6-233'],,['6-247'],['6-246'],,,,,,,,hier zij,"['6-247', '6-248']","verzoeken dan , dat ook dit derde schip de twee anderen spoedig volge , op dat het in september [ hier zij ] , Voor dat de goede Moesson Vijandelijke kruissers na deezer kant doe Verschijnen , en dat alle drie scheepen",BeingAtAPlace,6-248
42,42,zij,isOfType,6-248,2415-2418,BeingAtAPlace[160],['6-233'],,['6-247'],['6-246'],,,,,,,,hier zij,"['6-247', '6-248']","verzoeken dan , dat ook dit derde schip de twee anderen spoedig volge , op dat het in september [ hier zij ] , Voor dat de goede Moesson Vijandelijke kruissers na deezer kant doe Verschijnen , en dat alle drie scheepen",BeingAtAPlace,6-248
43,43,Vijandelijke,evokes,6-255,2446-2458,BeingInConflict,['6-256'],,,,,,,,,,,Vijandelijke,['6-255'],"de twee anderen spoedig volge , op dat het in september hier zij , Voor dat de goede Moesson [ Vijandelijke ] kruissers na deezer kant doe Verschijnen , en dat alle drie scheepen last krijgen om de Mallabaarsche kust , na",BeingInConflict,6-255
44,44,Verschijnen,isOfType,6-261,2488-2499,Arriving,,['6-255'],,,,,,,['6-258'],,,Verschijnen,['6-261'],"op dat het in september hier zij , Voor dat de goede Moesson Vijandelijke kruissers na deezer kant doe [ Verschijnen ] , en dat alle drie scheepen last krijgen om de Mallabaarsche kust , na dat zij het karaal tusschen de",Arriving,6-261
45,45,last,isOfType,6-268,2527-2531,BeingInConflict[161],"['6-265', '6-255']",,['6-270'],,,,,,,,,last krijgen,"['6-268', '6-269']",", Voor dat de goede Moesson Vijandelijke kruissers na deezer kant doe Verschijnen , en dat alle drie scheepen [ last krijgen ] om de Mallabaarsche kust , na dat zij het karaal tusschen de Maldivos en LakkeriVes doorgevaaren zijn , op",BeingInConflict,6-269
46,46,krijgen,isOfType,6-269,2532-2539,BeingInConflict[161],"['6-265', '6-255']",,['6-270'],,,,,,,,,last krijgen,"['6-268', '6-269']",", Voor dat de goede Moesson Vijandelijke kruissers na deezer kant doe Verschijnen , en dat alle drie scheepen [ last krijgen ] om de Mallabaarsche kust , na dat zij het karaal tusschen de Maldivos en LakkeriVes doorgevaaren zijn , op",BeingInConflict,6-269
47,47,doorgevaaren,isOfType,6-285,2623-2635,Translocation,['6-277'],,,,,,,,,['6-278'],,doorgevaaren,['6-285'],"drie scheepen last krijgen om de Mallabaarsche kust , na dat zij het karaal tusschen de Maldivos en LakkeriVes [ doorgevaaren ] zijn , op eene voorzigtige Wijze te Verkennen , en na „ de Ceilonsche Wal over te steeken , en",Translocation,6-285
48,48,Verkennen,evokes,6-293,2671-2680,Voyage,['6-277'],,,,,,,,,,,Verkennen,['6-293'],", na dat zij het karaal tusschen de Maldivos en LakkeriVes doorgevaaren zijn , op eene voorzigtige Wijze te [ Verkennen ] , en na „ de Ceilonsche Wal over te steeken , en dat de Engelschen bij Mannapaar zouden kunnen kruissers",Voyage,6-293
49,49,over,isOfType,7-4,2707-2711,Translocation[162],,,,,,,,,,['7-1'],,over te steeken,"['7-4', '7-5', '7-6']","Maldivos en LakkeriVes doorgevaaren zijn , op eene voorzigtige Wijze te Verkennen , en na „ de Ceilonsche Wal [ over te steeken ] , en dat de Engelschen bij Mannapaar zouden kunnen kruissers houden . De over heden Van beide schepen",Translocation,7-6
50,50,te,isOfType,7-5,2712-2714,Translocation[162],,,,,,,,,,['7-1'],,over te steeken,"['7-4', '7-5', '7-6']","Maldivos en LakkeriVes doorgevaaren zijn , op eene voorzigtige Wijze te Verkennen , en na „ de Ceilonsche Wal [ over te steeken ] , en dat de Engelschen bij Mannapaar zouden kunnen kruissers houden . De over heden Van beide schepen",Translocation,7-6
51,51,steeken,isOfType,7-6,2715-2722,Translocation[162],,,,,,,,,,['7-1'],,over te steeken,"['7-4', '7-5', '7-6']","Maldivos en LakkeriVes doorgevaaren zijn , op eene voorzigtige Wijze te Verkennen , en na „ de Ceilonsche Wal [ over te steeken ] , en dat de Engelschen bij Mannapaar zouden kunnen kruissers houden . De over heden Van beide schepen",Translocation,7-6
52,52,houden,isOfType,7-17,2783-2789,HavingInPossession,['7-16'],['7-11'],['7-13'],,,,,,,,,houden,['7-17'],"en na „ de Ceilonsche Wal over te steeken , en dat de Engelschen bij Mannapaar zouden kunnen kruissers [ houden ] . De over heden Van beide schepen , maar voor al Van 't geene Voor Gale gedestineerd is , Verzoeken",HavingInPossession,7-17
53,53,over,evokes,7-20,2794-2798,BeingLeader[163],['7-20'],,,,,,,,,,,over te steeken,"['7-4', '7-5', '7-6']","Maldivos en LakkeriVes doorgevaaren zijn , op eene voorzigtige Wijze te Verkennen , en na „ de Ceilonsche Wal [ over te steeken ] , en dat de Engelschen bij Mannapaar zouden kunnen kruissers houden . De over heden Van beide schepen",BeingLeader,7-6
54,54,heden,evokes,7-21,2799-2804,BeingLeader[163],['7-20'],,,,,,,,,,,heden,['7-21'],"Ceilonsche Wal over te steeken , en dat de Engelschen bij Mannapaar zouden kunnen kruissers houden . De over [ heden ] Van beide schepen , maar voor al Van 't geene Voor Gale gedestineerd is , Verzoeken wij boven des te",BeingLeader,7-21
55,55,gedestineerd,evokes,7-34,2860-2872,Translocation,,,,,,,,,['7-33'],,['7-30'],gedestineerd,['7-34'],"kunnen kruissers houden . De over heden Van beide schepen , maar voor al Van 't geene Voor Gale [ gedestineerd ] is , Verzoeken wij boven des te onderrigten , dat de stroomen in de Zuid moessen voor Gale zo hevig",Translocation,7-34
56,56,Verzoeken,isOfType,7-37,2877-2886,Request,['7-19'],['7-38'],,,,,,,,,,Verzoeken,['7-37'],". De over heden Van beide schepen , maar voor al Van 't geene Voor Gale gedestineerd is , [ Verzoeken ] wij boven des te onderrigten , dat de stroomen in de Zuid moessen voor Gale zo hevig om de Zuid",Request,7-37
57,57,is,isOfType,7-71,3044-3046,BeingAtAPlace,['7-62'],,['7-68'],,,,,,,,,is,['7-71'],"Gale zo hevig om de Zuid Oost looper , dat een schip 't Welk maar even beneeden de baai [ is ] , met geen mogelijkheid de haven bezeilen kan , en dat zij dus alle Voorzorgen moeten gebruiken , om boven",BeingAtAPlace,7-71
58,58,bezeilen,isOfType,7-78,3079-3087,Voyage,,,,,,,,,['7-76'],,['7-62'],bezeilen,['7-78'],"looper , dat een schip 't Welk maar even beneeden de baai is , met geen mogelijkheid de haven [ bezeilen ] kan , en dat zij dus alle Voorzorgen moeten gebruiken , om boven Wind en stroom van Gale te komen",Voyage,7-78
59,59,komen,isOfType,7-98,3178-3183,Arriving,,['7-62'],,,,,,,['7-91'],,,komen,['7-98'],"kan , en dat zij dus alle Voorzorgen moeten gebruiken , om boven Wind en stroom van Gale te [ komen ] , en daar of ten anker komen of het onder zeil houden , na dat de geleegenheid toelaat , tot",Arriving,7-98
60,60,anker,evokes,7-104,3200-3205,BeingAtAPlace,['7-62'],,['7-101'],,,,,,,,,anker,['7-104'],"alle Voorzorgen moeten gebruiken , om boven Wind en stroom van Gale te komen , en daar of ten [ anker ] komen of het onder zeil houden , na dat de geleegenheid toelaat , tot een loots buiten komt om hen",BeingAtAPlace,7-104
61,61,onder,evokes,7-108,3219-3224,Voyage[164],,,,,,,,,,,['7-62'],onder zeil houden,"['7-108', '7-109', '7-110']",", om boven Wind en stroom van Gale te komen , en daar of ten anker komen of het [ onder zeil houden ] , na dat de geleegenheid toelaat , tot een loots buiten komt om hen binnen de haven te",Voyage,7-110
62,62,zeil,evokes,7-109,3225-3229,Voyage[164],,,,,,,,,,,['7-62'],onder zeil houden,"['7-108', '7-109', '7-110']",", om boven Wind en stroom van Gale te komen , en daar of ten anker komen of het [ onder zeil houden ] , na dat de geleegenheid toelaat , tot een loots buiten komt om hen binnen de haven te",Voyage,7-110
63,63,houden,evokes,7-110,3230-3236,Voyage[164],,,,,,,,,,,['7-62'],onder zeil houden,"['7-108', '7-109', '7-110']",", om boven Wind en stroom van Gale te komen , en daar of ten anker komen of het [ onder zeil houden ] , na dat de geleegenheid toelaat , tot een loots buiten komt om hen binnen de haven te",Voyage,7-110
64,64,komt,isOfType,7-122,3291-3295,Arriving,,['7-119'],,,,,,,['7-121'],,,komt,['7-122'],"ten anker komen of het onder zeil houden , na dat de geleegenheid toelaat , tot een loots buiten [ komt ] om hen binnen de haven te brengen ; en dat , indier zij tegen alle hunne gebruikte Voorzorgen beneden de",Arriving,7-122
65,65,brengen,isOfType,7-129,3322-3329,Translocation,['7-124'],,,,,,,['7-121'],['7-125'],,['7-119'],brengen,['7-129'],"houden , na dat de geleegenheid toelaat , tot een loots buiten komt om hen binnen de haven te [ brengen ] ; en dat , indier zij tegen alle hunne gebruikte Voorzorgen beneden de baai van Gale mogten Vervallen , zij",Translocation,7-129
66,66,mogten,isOfType,7-146,3413-3419,BeingAtAPlace[165],['7-135'],,['7-141'],,,,,,,,,mogten Vervallen,"['7-146', '7-147']","haven te brengen ; en dat , indier zij tegen alle hunne gebruikte Voorzorgen beneden de baai van Gale [ mogten Vervallen ] , zij het onder de Wal het zij Voor Gale of Mature moeten tragten te houden , en sein",BeingAtAPlace,7-147
67,67,Vervallen,isOfType,7-147,3420-3429,BeingAtAPlace[165],['7-135'],,['7-141'],,,,,,,,,mogten Vervallen,"['7-146', '7-147']","haven te brengen ; en dat , indier zij tegen alle hunne gebruikte Voorzorgen beneden de baai van Gale [ mogten Vervallen ] , zij het onder de Wal het zij Voor Gale of Mature moeten tragten te houden , en sein",BeingAtAPlace,7-147
68,68,moeten,evokes,7-160,3480-3486,BeingAtAPlace[166],,,"['7-151', '7-156']",,,,,,,,,moeten tragten te houden,"['7-160', '7-161', '7-162', '7-163']","beneden de baai van Gale mogten Vervallen , zij het onder de Wal het zij Voor Gale of Mature [ moeten tragten te houden ] , en sein doen , Wanneer hen ten eersten een loots zal worden toegezonden , om hen",BeingAtAPlace,7-163
69,69,tragten,evokes,7-161,3487-3494,BeingAtAPlace[166],,,"['7-151', '7-156']",,,,,,,,,moeten tragten te houden,"['7-160', '7-161', '7-162', '7-163']","beneden de baai van Gale mogten Vervallen , zij het onder de Wal het zij Voor Gale of Mature [ moeten tragten te houden ] , en sein doen , Wanneer hen ten eersten een loots zal worden toegezonden , om hen",BeingAtAPlace,7-163
70,70,te,evokes,7-162,3495-3497,BeingAtAPlace[166],,,"['7-151', '7-156']",,,,,,,,,moeten tragten te houden,"['7-160', '7-161', '7-162', '7-163']","beneden de baai van Gale mogten Vervallen , zij het onder de Wal het zij Voor Gale of Mature [ moeten tragten te houden ] , en sein doen , Wanneer hen ten eersten een loots zal worden toegezonden , om hen",BeingAtAPlace,7-163
71,71,houden,evokes,7-163,3498-3504,BeingAtAPlace[166],,,"['7-151', '7-156']",,,,,,,,,moeten tragten te houden,"['7-160', '7-161', '7-162', '7-163']","beneden de baai van Gale mogten Vervallen , zij het onder de Wal het zij Voor Gale of Mature [ moeten tragten te houden ] , en sein doen , Wanneer hen ten eersten een loots zal worden toegezonden , om hen",BeingAtAPlace,7-163
72,72,toegezonden,evokes,7-177,3565-3576,Translocation,['7-173'],,,,,,,,,,,toegezonden,['7-177'],"of Mature moeten tragten te houden , en sein doen , Wanneer hen ten eersten een loots zal worden [ toegezonden ] , om hen in de baai Van Nilewelle te brengen , alwaar een schip Voor de Zuide Winden Veilig leggen",Translocation,7-177
73,73,te,evokes,7-186,3610-3612,Voyage[167],"['7-180', '7-173']",,,,,,,,['7-182'],,,moeten tragten te houden,"['7-160', '7-161', '7-162', '7-163']","beneden de baai van Gale mogten Vervallen , zij het onder de Wal het zij Voor Gale of Mature [ moeten tragten te houden ] , en sein doen , Wanneer hen ten eersten een loots zal worden toegezonden , om hen",Voyage,7-163
74,74,brengen,evokes,7-187,3613-3620,Voyage[167],"['7-180', '7-173']",,,,,,,,['7-182'],,,brengen,['7-187'],", Wanneer hen ten eersten een loots zal worden toegezonden , om hen in de baai Van Nilewelle te [ brengen ] , alwaar een schip Voor de Zuide Winden Veilig leggen kan , en de eerste Verandering van Wind en Stroon",Voyage,7-187
75,75,leggen,evokes,7-197,3667-3673,BeingAtAPlace,['7-190'],,['7-189'],,,,,,,,,leggen,['7-197'],", om hen in de baai Van Nilewelle te brengen , alwaar een schip Voor de Zuide Winden Veilig [ leggen ] kan , en de eerste Verandering van Wind en Stroon Kan Waarneemen om na Gale te Zeilen . Bij onzen",BeingAtAPlace,7-197
76,76,Zeilen,isOfType,7-214,3752-3758,Voyage,['7-190'],,,,,,,,['7-212'],,,Zeilen,['7-214'],"Winden Veilig leggen kan , en de eerste Verandering van Wind en Stroon Kan Waarneemen om na Gale te [ Zeilen ] . Bij onzen eerbiedigen van den 12:e februari hebben wij de eer gehad Uwe Hoog Edelheeden te bedeelen , de",Voyage,7-214
77,77,Wapenen,evokes,7-246,3937-3944,ViolentContest,['7-245'],['7-245'],,,['7-245'],,,,,,,Wapenen,['7-246'],"gehad Uwe Hoog Edelheeden te bedeelen , de verslagenheid van het Randiasche Hof over den voorspoed van de Engelsche [ Wapenen ] , en dat het zelve ons kennis had gegeeven van een gezantschap van den Engelschen , 't Welk zoude moeten",ViolentContest,7-246
78,78,gezantschap,evokes,7-258,3995-4006,Visit,['7-237'],['7-260'],,,,,,,,,,gezantschap,['7-258'],"Hof over den voorspoed van de Engelsche Wapenen , en dat het zelve ons kennis had gegeeven van een [ gezantschap ] van den Engelschen , 't Welk zoude moeten aangenomen Worden om hen niet te Verstooren maar de aankomst van een",Visit,7-258
79,79,Verstooren,evokes,7-273,4081-4091,RelationshipChange,"['7-270', '7-237']","['7-270', '7-237']",,,"['7-270', '7-237']",,,,,,,Verstooren,['7-273'],"had gegeeven van een gezantschap van den Engelschen , 't Welk zoude moeten aangenomen Worden om hen niet te [ Verstooren ] maar de aankomst van een aanzienelijke Fransche Vloot schijnt 't Hof Van zijne ontsteltenis weder hersteld te hebben , Want",RelationshipChange,7-273
80,80,aankomst,isOfType,7-276,4100-4108,Arriving,,['7-279'],,,,,,,,,,aankomst,['7-276'],"een gezantschap van den Engelschen , 't Welk zoude moeten aangenomen Worden om hen niet te Verstooren maar de [ aankomst ] van een aanzienelijke Fransche Vloot schijnt 't Hof Van zijne ontsteltenis weder hersteld te hebben , Want straks na der",Arriving,7-276
81,81,ontvangst,evokes,7-297,4229-4238,Getting,['7-300'],,,,,,,,,,,ontvangst,['7-297'],"een aanzienelijke Fransche Vloot schijnt 't Hof Van zijne ontsteltenis weder hersteld te hebben , Want straks na der [ ontvangst ] van deeze gewigtige tijding gaf het zelve ons kennisdat zij der Engelschen gezant na dat hij twintig dagen Was opgehouden",Getting,7-297
82,82,opgehouden,evokes,7-317,4350-4360,BeingAtAPlace,['7-308'],,,,,,,,,,,opgehouden,['7-317'],"van deeze gewigtige tijding gaf het zelve ons kennisdat zij der Engelschen gezant na dat hij twintig dagen Was [ opgehouden ] , nu hadden Verwittigd dat hij moeste Vertrekken , maar dat hij geantwoord had , dat , Wijl hij door",BeingAtAPlace,7-317
83,83,moeste,isOfType,8-6,4391-4397,ForceToAct,['8-5'],['7-307'],,,,,,,,,,moeste,['8-6'],"ons kennisdat zij der Engelschen gezant na dat hij twintig dagen Was opgehouden , nu hadden Verwittigd dat hij [ moeste ] Vertrekken , maar dat hij geantwoord had , dat , Wijl hij door den heer Gouverneur Van Madras en den",ForceToAct,8-6
84,84,Vertrekken,isOfType,8-7,4398-4408,Leaving,,['7-308'],,,,,,,,,,Vertrekken,['8-7'],"kennisdat zij der Engelschen gezant na dat hij twintig dagen Was opgehouden , nu hadden Verwittigd dat hij moeste [ Vertrekken ] , maar dat hij geantwoord had , dat , Wijl hij door den heer Gouverneur Van Madras en den Nabab",Leaving,8-7
85,85,gezonden,evokes,8-28,4502-4510,Visit,,['8-18'],,,,,,,,,,gezonden,['8-28'],"maar dat hij geantwoord had , dat , Wijl hij door den heer Gouverneur Van Madras en den Nabab [ gezonden ] Was , hij niet konde vertrekken zonder aan 't Hof te komen , al zoude hij ook gedood Worden en",Visit,8-28
86,86,vertrekken,isOfType,8-34,4531-4541,Leaving,,['8-31'],,,,,,,,,,vertrekken,['8-34'],"dat , Wijl hij door den heer Gouverneur Van Madras en den Nabab gezonden Was , hij niet konde [ vertrekken ] zonder aan 't Hof te komen , al zoude hij ook gedood Worden en dat wijl 't Verblijf van zulke",Leaving,8-34
87,87,komen,isOfType,8-40,4563-4568,Arriving,,['8-31'],,,,,,,['8-37'],,,komen,['8-40'],"heer Gouverneur Van Madras en den Nabab gezonden Was , hij niet konde vertrekken zonder aan 't Hof te [ komen ] , al zoude hij ook gedood Worden en dat wijl 't Verblijf van zulke wenscher in 't land schadelijk was",Arriving,8-40
88,88,gedood,isOfType,8-46,4587-4593,Killing[168],['8-44'],,,,,,,,,,,gedood Worden,"['8-46', '8-47']","Nabab gezonden Was , hij niet konde vertrekken zonder aan 't Hof te komen , al zoude hij ook [ gedood Worden ] en dat wijl 't Verblijf van zulke wenscher in 't land schadelijk was , 't Hofbeslooten had den Engelschen",Killing,8-47
89,89,Worden,isOfType,8-47,4594-4600,Killing[168],['8-44'],,,,,,,,,,,gedood Worden,"['8-46', '8-47']","Nabab gezonden Was , hij niet konde vertrekken zonder aan 't Hof te komen , al zoude hij ook [ gedood Worden ] en dat wijl 't Verblijf van zulke wenscher in 't land schadelijk was , 't Hofbeslooten had den Engelschen",Killing,8-47
90,90,Verblijf,isOfType,8-52,4616-4624,BeingAtAPlace,['8-54'],,['8-56'],,,,,,,,,Verblijf,['8-52'],"konde vertrekken zonder aan 't Hof te komen , al zoude hij ook gedood Worden en dat wijl 't [ Verblijf ] van zulke wenscher in 't land schadelijk was , 't Hofbeslooten had den Engelschen gezant te ontvangen en te hooren",BeingAtAPlace,8-52
91,91,schadelijk,isOfType,8-59,4655-4665,Damaging,,['8-54'],,,,,,,,,,schadelijk,['8-59'],"komen , al zoude hij ook gedood Worden en dat wijl 't Verblijf van zulke wenscher in 't land [ schadelijk ] was , 't Hofbeslooten had den Engelschen gezant te ontvangen en te hooren , met bijvoeging , dat ons 't",Damaging,8-59
92,92,ontvangen,evokes,8-69,4716-4725,Visit,['8-62'],['8-65'],,,,,,,,,,ontvangen,['8-69'],"wijl 't Verblijf van zulke wenscher in 't land schadelijk was , 't Hofbeslooten had den Engelschen gezant te [ ontvangen ] en te hooren , met bijvoeging , dat ons 't Verhandelde zoude bedeele Worden . Dit heeft 't Hof wij",Visit,8-69
93,93,hooren,evokes,8-72,4732-4738,Visit,['8-62'],['8-65'],,,,,,,,,,hooren,['8-72'],"van zulke wenscher in 't land schadelijk was , 't Hofbeslooten had den Engelschen gezant te ontvangen en te [ hooren ] , met bijvoeging , dat ons 't Verhandelde zoude bedeele Worden . Dit heeft 't Hof wij omstandig gedaan bij",Visit,8-72
94,94,bedeele,isOfType,8-82,4785-4792,Giving[169],['8-79'],,,,,['8-78'],,,,,,bedeele Worden,"['8-82', '8-83']","Hofbeslooten had den Engelschen gezant te ontvangen en te hooren , met bijvoeging , dat ons 't Verhandelde zoude [ bedeele Worden ] . Dit heeft 't Hof wij omstandig gedaan bij twee brieven , die met de daar op gepaste antwoorden",Giving,8-83
95,95,Worden,isOfType,8-83,4793-4799,Giving[169],['8-79'],,,,,['8-78'],,,,,,bedeele Worden,"['8-82', '8-83']","Hofbeslooten had den Engelschen gezant te ontvangen en te hooren , met bijvoeging , dat ons 't Verhandelde zoude [ bedeele Worden ] . Dit heeft 't Hof wij omstandig gedaan bij twee brieven , die met de daar op gepaste antwoorden",Giving,8-83
96,96,overgaan,evokes,8-106,4914-4922,Transportation,"['8-93', '8-98']",,,,,,,,,,,overgaan,['8-106'],"'t Hof wij omstandig gedaan bij twee brieven , die met de daar op gepaste antwoorden onder de bijlaagen [ overgaan ] . Hier uit blijkt , dat 't Hlof bij zijne gevoelens tot aankleeving aan onze belangen onveranderlijk blijft volharden ,",Transportation,8-106
97,97,gevoelens,evokes,8-117,4963-4972,Collaboration[170],"['8-121', '8-113']",,,,,,,,,,,gevoelens tot aankleeving,"['8-117', '8-118', '8-119']","de daar op gepaste antwoorden onder de bijlaagen overgaan . Hier uit blijkt , dat 't Hlof bij zijne [ gevoelens tot aankleeving ] aan onze belangen onveranderlijk blijft volharden , 't Welk ons tot groote gerustheid strekt in de presente Kritike",Collaboration,8-119
98,98,tot,evokes,8-118,4973-4976,Collaboration[170],"['8-121', '8-113']",,,,,,,,,,,gevoelens tot aankleeving,"['8-117', '8-118', '8-119']","de daar op gepaste antwoorden onder de bijlaagen overgaan . Hier uit blijkt , dat 't Hlof bij zijne [ gevoelens tot aankleeving ] aan onze belangen onveranderlijk blijft volharden , 't Welk ons tot groote gerustheid strekt in de presente Kritike",Collaboration,8-119
99,99,aankleeving,evokes,8-119,4977-4988,Collaboration[170],"['8-121', '8-113']",,,,,,,,,,,gevoelens tot aankleeving,"['8-117', '8-118', '8-119']","de daar op gepaste antwoorden onder de bijlaagen overgaan . Hier uit blijkt , dat 't Hlof bij zijne [ gevoelens tot aankleeving ] aan onze belangen onveranderlijk blijft volharden , 't Welk ons tot groote gerustheid strekt in de presente Kritike",Collaboration,8-119
100,100,opruijingen,evokes,8-153,5182-5193,AlteringARelationship,['8-155'],['8-155'],,,['8-155'],,,,,,,opruijingen,['8-153'],"in de presente Kritike tijdsgesteldheid , maar het is echter niet te twijffelen of 't Hof zal door de [ opruijingen ] van de Engelschen zich gesterkt Vinder , om zijne vorige eischen tot terugge erlanging van de bevorens bezetene stranden en",AlteringARelationship,8-153
101,101,eischen,isOfType,8-164,5250-5257,Request,,,,,,,,,,,,eischen,['8-164'],"te twijffelen of 't Hof zal door de opruijingen van de Engelschen zich gesterkt Vinder , om zijne vorige [ eischen ] tot terugge erlanging van de bevorens bezetene stranden en tot herstelling van het oude afgeschafte Ceremonieel , bij deeze geleegenheid",Request,8-164
102,102,erlanging,evokes,8-167,5270-5279,Getting,['8-169'],['8-148'],,,,,,,,,,erlanging,['8-167'],"'t Hof zal door de opruijingen van de Engelschen zich gesterkt Vinder , om zijne vorige eischen tot terugge [ erlanging ] van de bevorens bezetene stranden en tot herstelling van het oude afgeschafte Ceremonieel , bij deeze geleegenheid met meerder nadruk",Getting,8-167
103,103,bezetene,isOfType,8-171,5296-5304,Occupation,['8-172'],,,,,,,,,,,bezetene,['8-171'],"de opruijingen van de Engelschen zich gesterkt Vinder , om zijne vorige eischen tot terugge erlanging van de bevorens [ bezetene ] stranden en tot herstelling van het oude afgeschafte Ceremonieel , bij deeze geleegenheid met meerder nadruk door te zetten en",Occupation,8-171
104,104,onder,evokes,8-215,5569-5574,SocialStatusChange[171],['8-197'],,,,,,,,,,,onder Worpen,"['8-215', '8-216']","wijl de Engelsche gezant , zo als de hofsgroten met veel Waarschijnelijkheid voorgeeven , zig aan het afgeschafte Ceremonieel [ onder Worpen ] , en ook alle landen aan den Koning aangeboden heeft : en hoewel Wij bij deeze geleegendheid in het",SocialStatusChange,8-216
105,105,Worpen,evokes,8-216,5575-5581,SocialStatusChange[171],['8-197'],,,,,,,,,,,onder Worpen,"['8-215', '8-216']","wijl de Engelsche gezant , zo als de hofsgroten met veel Waarschijnelijkheid voorgeeven , zig aan het afgeschafte Ceremonieel [ onder Worpen ] , en ook alle landen aan den Koning aangeboden heeft : en hoewel Wij bij deeze geleegendheid in het",SocialStatusChange,8-216
106,106,aangeboden,evokes,8-225,5617-5627,Giving,['8-220'],['8-197'],,,,['8-223'],,,,,,aangeboden,['8-225'],"veel Waarschijnelijkheid voorgeeven , zig aan het afgeschafte Ceremonieel onder Worpen , en ook alle landen aan den Koning [ aangeboden ] heeft : en hoewel Wij bij deeze geleegendheid in het stuk van de eerbewijzing aan den koning niet minder zullen",Giving,8-225
107,107,afgaanden,isOfType,8-267,5848-5857,Leaving,,['8-268'],,['8-266'],,,,,,,,afgaanden,['8-267'],"dan de Engelschen , is echter de koopman Billingdie Volgens het bedeelde bij § 5 . Van onzer heeden [ afgaanden ] gemeenen brief is na Randia Vertrokken , om den nieuwen Koning met desselfs komst op den troon te vergeluken ,",Leaving,8-267
108,108,Vertrokken,isOfType,8-273,5886-5896,Leaving,,['8-254'],,,,,,,['8-272'],,,Vertrokken,['8-273'],"de koopman Billingdie Volgens het bedeelde bij § 5 . Van onzer heeden afgaanden gemeenen brief is na Randia [ Vertrokken ] , om den nieuwen Koning met desselfs komst op den troon te vergeluken , geinstrueerd alle middelen van overreding aan",Leaving,8-273
109,109,komst,evokes,8-281,5933-5938,Replacing[172],,,,,,['8-276'],,,,,,komst op den troon,"['8-281', '8-282', '8-283', '8-284']","5 . Van onzer heeden afgaanden gemeenen brief is na Randia Vertrokken , om den nieuwen Koning met desselfs [ komst op den troon ] te vergeluken , geinstrueerd alle middelen van overreding aan te Wenden , om de zaaken op den",Replacing,8-284
110,110,op,evokes,8-282,5939-5941,Replacing[172],,,,,,['8-276'],,,,,,komst op den troon,"['8-281', '8-282', '8-283', '8-284']","5 . Van onzer heeden afgaanden gemeenen brief is na Randia Vertrokken , om den nieuwen Koning met desselfs [ komst op den troon ] te vergeluken , geinstrueerd alle middelen van overreding aan te Wenden , om de zaaken op den",Replacing,8-284
111,111,den,evokes,8-283,5942-5945,Replacing[172],,,,,,['8-276'],,,,,,komst op den troon,"['8-281', '8-282', '8-283', '8-284']","5 . Van onzer heeden afgaanden gemeenen brief is na Randia Vertrokken , om den nieuwen Koning met desselfs [ komst op den troon ] te vergeluken , geinstrueerd alle middelen van overreding aan te Wenden , om de zaaken op den",Replacing,8-284
112,112,troon,evokes,8-284,5946-5951,Replacing[172],,,,,,['8-276'],,,,,,komst op den troon,"['8-281', '8-282', '8-283', '8-284']","5 . Van onzer heeden afgaanden gemeenen brief is na Randia Vertrokken , om den nieuwen Koning met desselfs [ komst op den troon ] te vergeluken , geinstrueerd alle middelen van overreding aan te Wenden , om de zaaken op den",Replacing,8-284
113,113,Verplicht,isOfType,8-314,6102-6111,ForceToAct,,,,,,,,,,,,Verplicht,['8-314'],"Wenden , om de zaaken op den ouden Voet te houden , en Voor al tot geen meer Ceremonien [ Verplicht ] te worden , dan door de Engelschen ingewilligd is . Het stuk van de Stranden is echter een zaak van",ForceToAct,8-314
114,114,eisschen,evokes,9-29,6257-6265,Request,,,,,,,,,,,,eisschen,['9-29'],"van de Stranden is echter een zaak van veel meer gewigt , en onze gezant is gelast , de [ eisschen ] daar toe met alle omzichtigheid te ontlegger , en indien geen en kele overredingen van vrugt zijn , te beproeven",Request,9-29
115,115,geschenken,evokes,9-58,6423-6433,Giving,['9-58'],['9-23'],,,,['9-51'],,,,,,geschenken,['9-58'],"indien geen en kele overredingen van vrugt zijn , te beproeven om de Hofsgrooten van het meeste aanzien door [ geschenken ] en beloften van meerder daar van # te doen afzien een afschrift van de instruksie voor gemelden gezant p nevens",Giving,9-58
116,116,beloften,evokes,9-60,6437-6445,Giving[173],,['9-23'],,,,['9-51'],,,,,,beloften van meerder,"['9-60', '9-61', '9-62']","en kele overredingen van vrugt zijn , te beproeven om de Hofsgrooten van het meeste aanzien door geschenken en [ beloften van meerder ] daar van # te doen afzien een afschrift van de instruksie voor gemelden gezant p nevens een kopij",Giving,9-62
117,117,van,evokes,9-61,6446-6449,Giving[173],,['9-23'],,,,['9-51'],,,,,,beloften van meerder,"['9-60', '9-61', '9-62']","en kele overredingen van vrugt zijn , te beproeven om de Hofsgrooten van het meeste aanzien door geschenken en [ beloften van meerder ] daar van # te doen afzien een afschrift van de instruksie voor gemelden gezant p nevens een kopij",Giving,9-62
118,118,meerder,evokes,9-62,6450-6457,Giving[173],,['9-23'],,,,['9-51'],,,,,,beloften van meerder,"['9-60', '9-61', '9-62']","en kele overredingen van vrugt zijn , te beproeven om de Hofsgrooten van het meeste aanzien door geschenken en [ beloften van meerder ] daar van # te doen afzien een afschrift van de instruksie voor gemelden gezant p nevens een kopij",Giving,9-62
119,119,aangebooden,evokes,9-94,6629-6640,Giving,['9-92'],,,['9-90'],,['9-88'],,,,,,aangebooden,['9-94'],"gemelden gezant p nevens een kopij Van den brief aan den Koning Word Uwe Hoogedel heeden onder de bijlaager [ aangebooden ] De te Gale binnen geloopene Fransche artillerij - kommandant heeft Verzoek gedaan om geassisteerd te Worden met geschut , ammunitie",Giving,9-94
120,120,binnen,isOfType,9-98,6652-6658,Arriving[174],,['9-100'],,,,,,,['9-97'],,,binnen geloopene,"['9-98', '9-99']","een kopij Van den brief aan den Koning Word Uwe Hoogedel heeden onder de bijlaager aangebooden De te Gale [ binnen geloopene ] Fransche artillerij - kommandant heeft Verzoek gedaan om geassisteerd te Worden met geschut , ammunitie goederen en kruit ,",Arriving,9-99
121,121,geloopene,isOfType,9-99,6659-6668,Arriving[174],,['9-100'],,,,,,,['9-97'],,,binnen geloopene,"['9-98', '9-99']","een kopij Van den brief aan den Koning Word Uwe Hoogedel heeden onder de bijlaager aangebooden De te Gale [ binnen geloopene ] Fransche artillerij - kommandant heeft Verzoek gedaan om geassisteerd te Worden met geschut , ammunitie goederen en kruit ,",Arriving,9-99
122,122,Verzoek,isOfType,9-105,6708-6715,Request,,['9-100'],,,,,,,,,,Verzoek,['9-105'],"Koning Word Uwe Hoogedel heeden onder de bijlaager aangebooden De te Gale binnen geloopene Fransche artillerij - kommandant heeft [ Verzoek ] gedaan om geassisteerd te Worden met geschut , ammunitie goederen en kruit , in steede van 't geen zij met",Request,9-105
123,123,geassisteerd,evokes,9-108,6726-6738,Giving,"['9-112', '9-114', '9-117']",,,,,,,,,,,geassisteerd,['9-108'],"Hoogedel heeden onder de bijlaager aangebooden De te Gale binnen geloopene Fransche artillerij - kommandant heeft Verzoek gedaan om [ geassisteerd ] te Worden met geschut , ammunitie goederen en kruit , in steede van 't geen zij met het transportschip Lauriston",Giving,9-108
124,124,Verloren,isOfType,9-129,6850-6858,LosingPossession,['9-122'],['9-124'],,,,,,,,,,Verloren,['9-129'],"Worden met geschut , ammunitie goederen en kruit , in steede van 't geen zij met het transportschip Lauriston [ Verloren ] hebben onze voorraad van geschut en Verde re ammunitie goederen is zo klein , dat Wij hen Weirig assistent sie",LosingPossession,9-129
125,125,voorraad,evokes,9-132,6871-6879,HavingInPossession,"['9-136', '9-134']",,,,,,,,,,,voorraad,['9-132'],", ammunitie goederen en kruit , in steede van 't geen zij met het transportschip Lauriston Verloren hebben onze [ voorraad ] van geschut en Verde re ammunitie goederen is zo klein , dat Wij hen Weirig assistent sie zullen kunnen bewijzen",HavingInPossession,9-132
126,126,assistent,evokes,9-148,6955-6964,Collaboration[175],"['9-145', '9-146']",,,,,,,,,,,assistent sie,"['9-148', '9-149']","Verloren hebben onze voorraad van geschut en Verde re ammunitie goederen is zo klein , dat Wij hen Weirig [ assistent sie ] zullen kunnen bewijzen maar kruit hebben wij Vijftig duizend ponden moeten belooven , schoon onze Voorraad te Kolombo ,",Collaboration,9-149
127,127,sie,evokes,9-149,6965-6968,Collaboration[175],"['9-145', '9-146']",,,,,,,,,,,assistent sie,"['9-148', '9-149']","Verloren hebben onze voorraad van geschut en Verde re ammunitie goederen is zo klein , dat Wij hen Weirig [ assistent sie ] zullen kunnen bewijzen maar kruit hebben wij Vijftig duizend ponden moeten belooven , schoon onze Voorraad te Kolombo ,",Collaboration,9-149
128,128,belooven,evokes,9-161,7044-7052,Giving,['9-154'],['9-156'],,,,,,,,,,belooven,['9-161'],"klein , dat Wij hen Weirig assistent sie zullen kunnen bewijzen maar kruit hebben wij Vijftig duizend ponden moeten [ belooven ] , schoon onze Voorraad te Kolombo , Gale en Jaffenapatnam niet veel boven de vierde halfhonderd duizend is beloopen zal",Giving,9-161
129,129,Voorraad,evokes,9-165,7066-7074,HavingInPossession,['9-172'],,"['9-171', '9-167', '9-169']",,,,,,,,,Voorraad,['9-165'],"hen Weirig assistent sie zullen kunnen bewijzen maar kruit hebben wij Vijftig duizend ponden moeten belooven , schoon onze [ Voorraad ] te Kolombo , Gale en Jaffenapatnam niet veel boven de vierde halfhonderd duizend is beloopen zal , hoe veel kolombo",HavingInPossession,9-165
130,130,in,isOfType,9-188,7205-7207,HavingInPossession[176],,,['9-185'],,,,,,,,,in zijne magazijnen te hebben,"['9-188', '9-189', '9-190', '9-191', '9-192']","Gale en Jaffenapatnam niet veel boven de vierde halfhonderd duizend is beloopen zal , hoe veel kolombo alleen behoorde [ in zijne magazijnen te hebben ] . Onze kruitmolens zijn niet in staat een toereikende quantiteit in Voorraad te brengen , door",HavingInPossession,9-192
131,131,zijne,isOfType,9-189,7208-7213,HavingInPossession[176],,,['9-185'],,,,,,,,,in zijne magazijnen te hebben,"['9-188', '9-189', '9-190', '9-191', '9-192']","Gale en Jaffenapatnam niet veel boven de vierde halfhonderd duizend is beloopen zal , hoe veel kolombo alleen behoorde [ in zijne magazijnen te hebben ] . Onze kruitmolens zijn niet in staat een toereikende quantiteit in Voorraad te brengen , door",HavingInPossession,9-192
132,132,magazijnen,isOfType,9-190,7214-7224,HavingInPossession[176],,,['9-185'],,,,,,,,,in zijne magazijnen te hebben,"['9-188', '9-189', '9-190', '9-191', '9-192']","Gale en Jaffenapatnam niet veel boven de vierde halfhonderd duizend is beloopen zal , hoe veel kolombo alleen behoorde [ in zijne magazijnen te hebben ] . Onze kruitmolens zijn niet in staat een toereikende quantiteit in Voorraad te brengen , door",HavingInPossession,9-192
133,133,te,isOfType,9-191,7225-7227,HavingInPossession[176],,,['9-185'],,,,,,,,,in zijne magazijnen te hebben,"['9-188', '9-189', '9-190', '9-191', '9-192']","Gale en Jaffenapatnam niet veel boven de vierde halfhonderd duizend is beloopen zal , hoe veel kolombo alleen behoorde [ in zijne magazijnen te hebben ] . Onze kruitmolens zijn niet in staat een toereikende quantiteit in Voorraad te brengen , door",HavingInPossession,9-192
134,134,hebben,isOfType,9-192,7228-7234,HavingInPossession[176],,,['9-185'],,,,,,,,,in zijne magazijnen te hebben,"['9-188', '9-189', '9-190', '9-191', '9-192']","Gale en Jaffenapatnam niet veel boven de vierde halfhonderd duizend is beloopen zal , hoe veel kolombo alleen behoorde [ in zijne magazijnen te hebben ] . Onze kruitmolens zijn niet in staat een toereikende quantiteit in Voorraad te brengen , door",HavingInPossession,9-192
135,135,Voorraad,evokes,9-204,7302-7310,HavingInPossession,['9-200'],,,,,,,,,,,Voorraad,['9-204'],"kolombo alleen behoorde in zijne magazijnen te hebben . Onze kruitmolens zijn niet in staat een toereikende quantiteit in [ Voorraad ] te brengen , door gebrek aan Zwavel zoo Wel als door de gesteldheid van de molens zelvendie Voor geen Zwaare",HavingInPossession,9-204
136,136,leverancien,evokes,9-225,7419-7430,Giving,,,,,,,,,,,,leverancien,['9-225'],"brengen , door gebrek aan Zwavel zoo Wel als door de gesteldheid van de molens zelvendie Voor geen Zwaare [ leverancien ] gemaakt zijn . Wij Verzoeken derhalven ootmoedig , dat UWe Hoogedelheeden ons zo niet 5 . p meer , ter",Giving,9-225
137,137,Verzoeken,isOfType,9-230,7449-7458,Request,['9-235'],['9-229'],,,,,,,,,,Verzoeken,['9-230'],"Zwavel zoo Wel als door de gesteldheid van de molens zelvendie Voor geen Zwaare leverancien gemaakt zijn . Wij [ Verzoeken ] derhalven ootmoedig , dat UWe Hoogedelheeden ons zo niet 5 . p meer , ter minsten andere Vijftig duizend ponden",Request,9-230
138,138,toete,evokes,9-253,7583-7588,Transportation[177]|Giving[178],"['9-245', '9-235']",,,,,['9-237'],,,,,,toete zenden,"['9-253', '9-254']","dat UWe Hoogedelheeden ons zo niet 5 . p meer , ter minsten andere Vijftig duizend ponden kruit gelieven [ toete zenden ] , en dat indien dit kruit in de drie schepen niet # geheel mocht hunnen geborgen worden , daar",Transportation,9-254
139,139,zenden,evokes,9-254,7589-7595,Transportation[177]|Giving[178],"['9-245', '9-235']",,,,,['9-237'],,,,,,toete zenden,"['9-253', '9-254']","dat UWe Hoogedelheeden ons zo niet 5 . p meer , ter minsten andere Vijftig duizend ponden kruit gelieven [ toete zenden ] , en dat indien dit kruit in de drie schepen niet # geheel mocht hunnen geborgen worden , daar",Transportation,9-254
140,140,geborgen,evokes,9-270,7667-7675,Transportation[179],['9-259'],,,,,,,,,,['9-262'],geborgen worden,"['9-270', '9-271']","kruit gelieven toete zenden , en dat indien dit kruit in de drie schepen niet # geheel mocht hunnen [ geborgen worden ] , daar toe worden gebuukt een of twee sloepen , die Wij buiten des zeer nodig hebben . De",Transportation,9-271
141,141,worden,evokes,9-271,7676-7682,Transportation[179],['9-259'],,,,,,,,,,['9-262'],geborgen worden,"['9-270', '9-271']","kruit gelieven toete zenden , en dat indien dit kruit in de drie schepen niet # geheel mocht hunnen [ geborgen worden ] , daar toe worden gebuukt een of twee sloepen , die Wij buiten des zeer nodig hebben . De",Transportation,9-271
142,142,daar,evokes,9-273,7684-7688,Transportation[180],['9-259'],,,,,,,,,,['9-277'],daar toe worden gebuukt,"['9-273', '9-274', '9-275', '9-276']","zenden , en dat indien dit kruit in de drie schepen niet # geheel mocht hunnen geborgen worden , [ daar toe worden gebuukt ] een of twee sloepen , die Wij buiten des zeer nodig hebben . De Franschen hebben zoo",Transportation,9-276
143,143,toe,evokes,9-274,7689-7692,Transportation[180],['9-259'],,,,,,,,,,['9-277'],daar toe worden gebuukt,"['9-273', '9-274', '9-275', '9-276']","zenden , en dat indien dit kruit in de drie schepen niet # geheel mocht hunnen geborgen worden , [ daar toe worden gebuukt ] een of twee sloepen , die Wij buiten des zeer nodig hebben . De Franschen hebben zoo",Transportation,9-276
144,144,worden,evokes,9-275,7693-7699,Transportation[180],['9-259'],,,,,,,,,,['9-277'],daar toe worden gebuukt,"['9-273', '9-274', '9-275', '9-276']","zenden , en dat indien dit kruit in de drie schepen niet # geheel mocht hunnen geborgen worden , [ daar toe worden gebuukt ] een of twee sloepen , die Wij buiten des zeer nodig hebben . De Franschen hebben zoo",Transportation,9-276
145,145,gebuukt,evokes,9-276,7700-7707,Transportation[180],['9-259'],,,,,,,,,,['9-277'],daar toe worden gebuukt,"['9-273', '9-274', '9-275', '9-276']","zenden , en dat indien dit kruit in de drie schepen niet # geheel mocht hunnen geborgen worden , [ daar toe worden gebuukt ] een of twee sloepen , die Wij buiten des zeer nodig hebben . De Franschen hebben zoo",Transportation,9-276
146,146,meede,evokes,10-10,7816-7821,Transportation[181],['10-7'],['10-1'],,,,,,,,,,meede gebragt,"['10-10', '10-11']","sloepen , die Wij buiten des zeer nodig hebben . De Franschen hebben zoo men hoord niet veel geld [ meede gebragt ] , en zullen dus ongetwijffeld spoedig bij ons aanzoe k er om doen , en wij zullen het hen",Transportation,10-11
147,147,gebragt,evokes,10-11,7822-7829,Transportation[181],['10-7'],['10-1'],,,,,,,,,,meede gebragt,"['10-10', '10-11']","sloepen , die Wij buiten des zeer nodig hebben . De Franschen hebben zoo men hoord niet veel geld [ meede gebragt ] , en zullen dus ongetwijffeld spoedig bij ons aanzoe k er om doen , en wij zullen het hen",Transportation,10-11
148,148,aanzoe,isOfType,10-20,7875-7881,Request[182],['10-19'],['10-1'],,,,,,,,,,aanzoe k,"['10-20', '10-21']","De Franschen hebben zoo men hoord niet veel geld meede gebragt , en zullen dus ongetwijffeld spoedig bij ons [ aanzoe k ] er om doen , en wij zullen het hen , om het groot nut , 't geen wij in",Request,10-21
149,149,k,isOfType,10-21,7882-7883,Request[182],['10-19'],['10-1'],,,,,,,,,,aanzoe k,"['10-20', '10-21']","De Franschen hebben zoo men hoord niet veel geld meede gebragt , en zullen dus ongetwijffeld spoedig bij ons [ aanzoe k ] er om doen , en wij zullen het hen , om het groot nut , 't geen wij in",Request,10-21
150,150,verblijf,evokes,10-46,7984-7992,BeingAtAPlace,['10-45'],,['10-47'],,,,,,,,,verblijf,['10-46'],"wij zullen het hen , om het groot nut , 't geen wij in den tegenwoordigen tijd van hun [ verblijf ] in deeze gewesten treken , niet kunnen Weigeren . Wij Verzoeken derhalven dat onze eisch van geld niet moge verminderd",BeingAtAPlace,10-46
151,151,Verzoeken,isOfType,10-57,8045-8054,Request,,['10-56'],,,,,,,,,,Verzoeken,['10-57'],"geen wij in den tegenwoordigen tijd van hun verblijf in deeze gewesten treken , niet kunnen Weigeren . Wij [ Verzoeken ] derhalven dat onze eisch van geld niet moge verminderd Worden , alzo er geen Vertier is van koopmanschappen en wij",Request,10-57
152,152,eisch,evokes,10-61,8074-8079,Request,,['10-56'],,,,,,,,,,eisch,['10-61'],"tegenwoordigen tijd van hun verblijf in deeze gewesten treken , niet kunnen Weigeren . Wij Verzoeken derhalven dat onze [ eisch ] van geld niet moge verminderd Worden , alzo er geen Vertier is van koopmanschappen en wij in tijd van rood",Request,10-61
153,153,Vertier,evokes,10-72,8131-8138,Trade[183],['10-75'],,,,,,,,,,,Vertier is van koopmanschappen,"['10-72', '10-73', '10-74', '10-75']","kunnen Weigeren . Wij Verzoeken derhalven dat onze eisch van geld niet moge verminderd Worden , alzo er geen [ Vertier is van koopmanschappen ] en wij in tijd van rood bij partikulieren Weinig geld zonder Vinder . Na dat Wij tijding",Trade,10-75
154,154,is,evokes,10-73,8139-8141,Trade[183],['10-75'],,,,,,,,,,,Vertier is van koopmanschappen,"['10-72', '10-73', '10-74', '10-75']","kunnen Weigeren . Wij Verzoeken derhalven dat onze eisch van geld niet moge verminderd Worden , alzo er geen [ Vertier is van koopmanschappen ] en wij in tijd van rood bij partikulieren Weinig geld zonder Vinder . Na dat Wij tijding",Trade,10-75
155,155,van,evokes,10-74,8142-8145,Trade[183],['10-75'],,,,,,,,,,,Vertier is van koopmanschappen,"['10-72', '10-73', '10-74', '10-75']","kunnen Weigeren . Wij Verzoeken derhalven dat onze eisch van geld niet moge verminderd Worden , alzo er geen [ Vertier is van koopmanschappen ] en wij in tijd van rood bij partikulieren Weinig geld zonder Vinder . Na dat Wij tijding",Trade,10-75
156,156,koopmanschappen,evokes,10-75,8146-8161,Trade[183],['10-75'],,,,,,,,,,,Vertier is van koopmanschappen,"['10-72', '10-73', '10-74', '10-75']","kunnen Weigeren . Wij Verzoeken derhalven dat onze eisch van geld niet moge verminderd Worden , alzo er geen [ Vertier is van koopmanschappen ] en wij in tijd van rood bij partikulieren Weinig geld zonder Vinder . Na dat Wij tijding",Trade,10-75
157,157,zonder,evokes,10-86,8216-8222,Giving[184],['10-84'],['10-83'],,,,['10-77'],,,,,,zonder Vinder,"['10-86', '10-87']","Worden , alzo er geen Vertier is van koopmanschappen en wij in tijd van rood bij partikulieren Weinig geld [ zonder Vinder ] . Na dat Wij tijding erlangden Wegens de verovering van Trinkonomale schreefde eerstgeteekende een brief aan den aldaar kommandeerenden",Giving,10-87
158,158,Vinder,evokes,10-87,8223-8229,Giving[184],['10-84'],['10-83'],,,,['10-77'],,,,,,zonder Vinder,"['10-86', '10-87']","Worden , alzo er geen Vertier is van koopmanschappen en wij in tijd van rood bij partikulieren Weinig geld [ zonder Vinder ] . Na dat Wij tijding erlangden Wegens de verovering van Trinkonomale schreefde eerstgeteekende een brief aan den aldaar kommandeerenden",Giving,10-87
159,159,verovering,isOfType,10-96,8270-8280,TakingUnderControl,['10-98'],,,,,,,,,,,verovering,['10-96'],"wij in tijd van rood bij partikulieren Weinig geld zonder Vinder . Na dat Wij tijding erlangden Wegens de [ verovering ] van Trinkonomale schreefde eerstgeteekende een brief aan den aldaar kommandeerenden Engelschen officier , Waar bij hij hem Verzogt dat de",TakingUnderControl,10-96
160,160,kommandeerenden,isOfType,10-106,8349-8364,BeingLeader,['10-107'],,['10-105'],,,,,,,,,kommandeerenden,['10-106'],"Vinder . Na dat Wij tijding erlangden Wegens de verovering van Trinkonomale schreefde eerstgeteekende een brief aan den aldaar [ kommandeerenden ] Engelschen officier , Waar bij hij hem Verzogt dat de getrouwde Kompanies dienaren niet mogten na Madras Worden vervoerd en",BeingLeader,10-106
161,161,Verzogt,isOfType,10-114,8403-8410,Request,['10-113'],['10-112'],,,,,,,,,,Verzogt,['10-114'],"de verovering van Trinkonomale schreefde eerstgeteekende een brief aan den aldaar kommandeerenden Engelschen officier , Waar bij hij hem [ Verzogt ] dat de getrouwde Kompanies dienaren niet mogten na Madras Worden vervoerd en dat het fonds van de dia konij onaengeroerd",Request,10-114
162,162,getrouwde,evokes,10-117,8418-8427,BeingInARelationship,['10-118'],,,,,,,,,,,getrouwde,['10-117'],"Trinkonomale schreefde eerstgeteekende een brief aan den aldaar kommandeerenden Engelschen officier , Waar bij hij hem Verzogt dat de [ getrouwde ] Kompanies dienaren niet mogten na Madras Worden vervoerd en dat het fonds van de dia konij onaengeroerd nogt blijven .",BeingInARelationship,10-117
163,163,vervoerd,isOfType,10-125,8476-8484,Transportation,['10-116'],,,,,,,,['10-123'],,,vervoerd,['10-125'],"kommandeerenden Engelschen officier , Waar bij hij hem Verzogt dat de getrouwde Kompanies dienaren niet mogten na Madras Worden [ vervoerd ] en dat het fonds van de dia konij onaengeroerd nogt blijven . De heer Admiraal Hughes , die inmiddels met",Transportation,10-125
164,164,vertrokken,isOfType,10-151,8614-8624,Leaving,,['10-138'],,,,,,,['10-149'],,['10-146'],vertrokken,['10-151'],"dia konij onaengeroerd nogt blijven . De heer Admiraal Hughes , die inmiddels met zijn Vloot na Madras Was [ vertrokken ] , dog den 23 . febr : net tien scheeper te rugge k Wan , heeft bij een beleefden brief",Leaving,10-151
165,165,te,isOfType,10-162,8662-8664,Arriving[185],,['10-138'],,['10-155'],,,,,,,['10-160'],te rugge k Wan,"['10-162', '10-163', '10-164', '10-165']","die inmiddels met zijn Vloot na Madras Was vertrokken , dog den 23 . febr : net tien scheeper [ te rugge k Wan ] , heeft bij een beleefden brief Van den 28:e febr : daar op geantwoord , dat hij",Arriving,10-165
166,166,rugge,isOfType,10-163,8665-8670,Arriving[185],,['10-138'],,['10-155'],,,,,,,['10-160'],te rugge k Wan,"['10-162', '10-163', '10-164', '10-165']","die inmiddels met zijn Vloot na Madras Was vertrokken , dog den 23 . febr : net tien scheeper [ te rugge k Wan ] , heeft bij een beleefden brief Van den 28:e febr : daar op geantwoord , dat hij",Arriving,10-165
167,167,k,isOfType,10-164,8671-8672,Arriving[185],,['10-138'],,['10-155'],,,,,,,['10-160'],te rugge k Wan,"['10-162', '10-163', '10-164', '10-165']","die inmiddels met zijn Vloot na Madras Was vertrokken , dog den 23 . febr : net tien scheeper [ te rugge k Wan ] , heeft bij een beleefden brief Van den 28:e febr : daar op geantwoord , dat hij",Arriving,10-165
168,168,Wan,isOfType,10-165,8673-8676,Arriving[185],,['10-138'],,['10-155'],,,,,,,['10-160'],te rugge k Wan,"['10-162', '10-163', '10-164', '10-165']","die inmiddels met zijn Vloot na Madras Was vertrokken , dog den 23 . febr : net tien scheeper [ te rugge k Wan ] , heeft bij een beleefden brief Van den 28:e febr : daar op geantwoord , dat hij",Arriving,10-165
169,169,zenden,evokes,10-202,8882-8888,Transportation,"['10-195', '10-197']",,,,,,,,['10-199'],,,zenden,['10-202'],"door staat kurdige noodzakelijkheid gedwongen genoodzaakt was geweest , veelen zo 5 getrouwden als ongetrouwden na Madras op te [ zenden ] , maar dat zij met groote edelmoedigheid behandeld Waren , Wijl hunne huisen niet geplunderd en hunne goederen aan hen",Transportation,10-202
170,170,geplunderd,evokes,10-217,8969-8979,Getting,,,['10-214'],,,,,,,,,geplunderd,['10-217'],"na Madras op te zenden , maar dat zij met groote edelmoedigheid behandeld Waren , Wijl hunne huisen niet [ geplunderd ] en hunne goederen aan hen in eigendom gehoorende aan hen gelaaten waaren , en dat 't fords van de armen",Getting,10-217
171,171,in,isOfType,10-223,9006-9008,HavingInPossession[186],['10-219'],,,,,,,,,,,in eigendom gehoorende,"['10-223', '10-224', '10-225']","maar dat zij met groote edelmoedigheid behandeld Waren , Wijl hunne huisen niet geplunderd en hunne goederen aan hen [ in eigendom gehoorende ] aan hen gelaaten waaren , en dat 't fords van de armen onaangeroerd was gebleeven en aangelegd konde",HavingInPossession,10-225
172,172,eigendom,isOfType,10-224,9009-9017,HavingInPossession[186],['10-219'],,,,,,,,,,,in eigendom gehoorende,"['10-223', '10-224', '10-225']","maar dat zij met groote edelmoedigheid behandeld Waren , Wijl hunne huisen niet geplunderd en hunne goederen aan hen [ in eigendom gehoorende ] aan hen gelaaten waaren , en dat 't fords van de armen onaangeroerd was gebleeven en aangelegd konde",HavingInPossession,10-225
173,173,gehoorende,isOfType,10-225,9018-9028,HavingInPossession[186],['10-219'],,,,,,,,,,,in eigendom gehoorende,"['10-223', '10-224', '10-225']","maar dat zij met groote edelmoedigheid behandeld Waren , Wijl hunne huisen niet geplunderd en hunne goederen aan hen [ in eigendom gehoorende ] aan hen gelaaten waaren , en dat 't fords van de armen onaangeroerd was gebleeven en aangelegd konde",HavingInPossession,10-225
174,174,aan,isOfType,10-273,9286-9289,Giving[187],['10-261'],['10-257'],,,,,,,,,,aan tebieder,"['10-273', '10-274']",bestend was . Wij hebben de eer een afschrift van deezen brief met een Nederduitsche Vertaaling onder de bijlaagen [ aan tebieder ] . Voorts hebben Wij de eer UWe Hoog Edelheeden hier nevens aan te bieder kopijen van twee schreete brieven,Giving,10-274
175,175,tebieder,isOfType,10-274,9290-9298,Giving[187],['10-261'],['10-257'],,,,,,,,,,aan tebieder,"['10-273', '10-274']",bestend was . Wij hebben de eer een afschrift van deezen brief met een Nederduitsche Vertaaling onder de bijlaagen [ aan tebieder ] . Voorts hebben Wij de eer UWe Hoog Edelheeden hier nevens aan te bieder kopijen van twee schreete brieven,Giving,10-274
176,176,aan,isOfType,11-11,9357-9360,Giving[188],['11-14'],['11-3'],,,,['11-6'],,,,,,aan tebieder,"['10-273', '10-274']",bestend was . Wij hebben de eer een afschrift van deezen brief met een Nederduitsche Vertaaling onder de bijlaagen [ aan tebieder ] . Voorts hebben Wij de eer UWe Hoog Edelheeden hier nevens aan te bieder kopijen van twee schreete brieven,Giving,10-274
177,177,te,isOfType,11-12,9361-9363,Giving[188],['11-14'],['11-3'],,,,['11-6'],,,,,,te,['11-12'],"Nederduitsche Vertaaling onder de bijlaagen aan tebieder . Voorts hebben Wij de eer UWe Hoog Edelheeden hier nevens aan [ te ] bieder kopijen van twee schreete brieven van koetsjiem van den 24 : ' Iunuarij en 12:e deezer , met een",Giving,11-12
178,178,bieder,isOfType,11-13,9364-9370,Giving[188],['11-14'],['11-3'],,,,['11-6'],,,,,,bieder,['11-13'],"Vertaaling onder de bijlaagen aan tebieder . Voorts hebben Wij de eer UWe Hoog Edelheeden hier nevens aan te [ bieder ] kopijen van twee schreete brieven van koetsjiem van den 24 : ' Iunuarij en 12:e deezer , met een portugeesch",Giving,11-13
179,179,aangebragt,isOfType,11-36,9493-9503,Arriving,,,,,,,['11-14'],,,,['11-32'],aangebragt,['11-36'],"schreete brieven van koetsjiem van den 24 : ' Iunuarij en 12:e deezer , met een portugeesch Vaartuig alhier [ aangebragt ] , Waar uit blijkt , dat de Engelschen door het Vernielen van het leger van Huider Ali bij Pallicheri Zig",Arriving,11-36
180,180,Vernielen,evokes,11-47,9549-9558,Attacking,['11-49'],['11-43'],['11-55'],,,,,,,,,Vernielen,['11-47'],"12:e deezer , met een portugeesch Vaartuig alhier aangebragt , Waar uit blijkt , dat de Engelschen door het [ Vernielen ] van het leger van Huider Ali bij Pallicheri Zig meester van het geheele Samarijnsche land gemaakt hebben , 't Welk",Attacking,11-47
181,181,meester,evokes,11-57,9607-9614,Occupation,['11-59'],['11-43'],,,,,,,,,,meester,['11-57'],"Waar uit blijkt , dat de Engelschen door het Vernielen van het leger van Huider Ali bij Pallicheri Zig [ meester ] van het geheele Samarijnsche land gemaakt hebben , 't Welk die van koetssien bedugt heeft gemaakt voor een beleegering ,",Occupation,11-57
182,182,beleegering,isOfType,11-76,9721-9732,Besieging,,,,,,,,,,,,beleegering,['11-76'],"meester van het geheele Samarijnsche land gemaakt hebben , 't Welk die van koetssien bedugt heeft gemaakt voor een [ beleegering ] , Welke beduchting tans echter werkelijk is verminderd nu de fransche Vloot is aangekoomen . Onder het sluijter deezes ontvangen",Besieging,11-76
183,183,aangekoomen,isOfType,11-90,9811-9822,Arriving,,['11-86'],,,,,,,,,,aangekoomen,['11-90'],"bedugt heeft gemaakt voor een beleegering , Welke beduchting tans echter werkelijk is verminderd nu de fransche Vloot is [ aangekoomen ] . Onder het sluijter deezes ontvangen Wij berigt Van Manaar dat de Engelschen den 19 . ' februari met 500",Arriving,11-90
184,184,ontvangen,evokes,11-96,9850-9859,Getting,['11-98'],['11-97'],,,,,,,,,,ontvangen,['11-96'],", Welke beduchting tans echter werkelijk is verminderd nu de fransche Vloot is aangekoomen . Onder het sluijter deezes [ ontvangen ] Wij berigt Van Manaar dat de Engelschen den 19 . ' februari met 500 . sipahis bezit van ons fort",Getting,11-96
185,185,bezit,isOfType,11-113,9936-9941,Occupation,['11-116'],"['11-102', '11-110']",,['11-105'],,,,,,,,bezit,['11-113'],"sluijter deezes ontvangen Wij berigt Van Manaar dat de Engelschen den 19 . ' februari met 500 . sipahis [ bezit ] van ons fort te Tutu Roeijn hebben genomen , en dat dezelve reets bezig waren , om hetzelve te ondermijnen",Occupation,11-113
186,186,ondermijnen,isOfType,11-133,10035-10046,Damaging,['11-131'],['11-125'],,,,,,,,,,ondermijnen,['11-133'],"van ons fort te Tutu Roeijn hebben genomen , en dat dezelve reets bezig waren , om hetzelve te [ ondermijnen ] ten einde het te doen springen ; en Voorts dat nog Vier man van de agtergelatene bezetting te Manaar Waren",Damaging,11-133
187,187,te,isOfType,11-137,10061-10063,Destroying[189],['11-136'],['11-125'],,,,,,,,,,te doen springen,"['11-137', '11-138', '11-139']","Tutu Roeijn hebben genomen , en dat dezelve reets bezig waren , om hetzelve te ondermijnen ten einde het [ te doen springen ] ; en Voorts dat nog Vier man van de agtergelatene bezetting te Manaar Waren aangekomen Wij hebben de",Destroying,11-139
188,188,doen,isOfType,11-138,10064-10068,Destroying[189],['11-136'],['11-125'],,,,,,,,,,te doen springen,"['11-137', '11-138', '11-139']","Tutu Roeijn hebben genomen , en dat dezelve reets bezig waren , om hetzelve te ondermijnen ten einde het [ te doen springen ] ; en Voorts dat nog Vier man van de agtergelatene bezetting te Manaar Waren aangekomen Wij hebben de",Destroying,11-139
189,189,springen,isOfType,11-139,10069-10077,Destroying[189],['11-136'],['11-125'],,,,,,,,,,te doen springen,"['11-137', '11-138', '11-139']","Tutu Roeijn hebben genomen , en dat dezelve reets bezig waren , om hetzelve te ondermijnen ten einde het [ te doen springen ] ; en Voorts dat nog Vier man van de agtergelatene bezetting te Manaar Waren aangekomen Wij hebben de",Destroying,11-139
190,190,agtergelatene,evokes,11-149,10113-10126,LosingPossession,['11-150'],,,,,,,,,,,agtergelatene,['11-149'],om hetzelve te ondermijnen ten einde het te doen springen ; en Voorts dat nog Vier man van de [ agtergelatene ] bezetting te Manaar Waren aangekomen Wij hebben de Eer met schuldige eerbied en trouwe te zijn /:onderstond:/ Hoog Edele Groot,LosingPossession,11-149
191,191,aangekomen,isOfType,11-154,10153-10163,Arriving,,['11-145'],,,,,,,['11-152'],,,aangekomen,['11-154'],einde het te doen springen ; en Voorts dat nog Vier man van de agtergelatene bezetting te Manaar Waren [ aangekomen ] Wij hebben de Eer met schuldige eerbied en trouwe te zijn /:onderstond:/ Hoog Edele Groot Achtbaere Heer Wel Edele Gestrenge,Arriving,11-154
